2020-01-27,16456.2,16483.9,16385.65,16393.55,13611766.0,11650100000.0,Nifty IT
2020-01-28,16442.85,16448.05,16320.6,16429.75,19676966.0,16709800000.0,Nifty IT
2020-01-29,16513.2,16577.95,16452.0,16479.3,22195772.0,20652300000.0,Nifty IT
2020-01-30,16509.0,16514.1,16287.75,16327.9,18889354.0,17150400000.0,Nifty IT
2020-01-31,16333.15,16365.8,16098.45,16144.15,26267958.0,21926800000.0,Nifty IT
2020-02-01,16138.6,16319.75,15968.5,16282.65,20546938.0,19503000000.0,Nifty IT
2020-02-03,16282.0,16418.9,16034.3,16059.9,28969680.0,25325800000.0,Nifty IT
2020-02-04,16174.8,16377.45,16155.8,16350.85,25185175.0,21888700000.0,Nifty IT
2020-02-05,16354.45,16463.6,16283.25,16448.55,21910979.0,17673300000.0,Nifty IT
2020-02-06,16480.75,16621.35,16330.65,16371.15,23961376.0,19850900000.0,Nifty IT
2020-02-07,16453.0,16493.25,16382.4,16470.15,15721118.0,13279800000.0,Nifty IT
2020-02-10,16481.5,16522.4,16306.25,16431.9,18044996.0,14896700000.0,Nifty IT
2020-02-11,16482.4,16512.1,16409.15,16452.3,16987352.0,12671700000.0,Nifty IT
2020-02-12,16462.25,16599.05,16419.45,16538.1,18606682.0,13932700000.0,Nifty IT
2020-02-13,16578.75,16696.85,16513.75,16673.05,18884410.0,14928000000.0,Nifty IT
2020-02-14,16682.3,16828.2,16624.25,16642.75,19636956.0,16344600000.0,Nifty IT
2020-02-17,16707.65,16737.65,16596.2,16647.7,13895849.0,12410600000.0,Nifty IT
2020-02-18,16586.9,16773.2,16526.4,16748.75,20798165.0,18172400000.0,Nifty IT
2020-02-19,16796.4,16882.45,16754.25,16772.45,16905540.0,14673699999.999998,Nifty IT
2020-02-20,16826.3,16843.65,16623.9,16649.4,20306178.0,17579700000.0,Nifty IT
2020-02-24,16642.75,16749.25,16416.85,16461.8,23422521.0,20233500000.0,Nifty IT
2020-02-25,16490.4,16642.4,16443.25,16562.5,25320628.0,22129300000.0,Nifty IT
2020-02-26,16497.15,16539.25,16297.25,16332.25,26844091.0,21939699999.999996,Nifty IT
2020-02-27,16244.95,16258.65,16053.7,16123.8,24504768.0,18891000000.0,Nifty IT
2020-02-28,15726.15,15788.45,15156.8,15212.95,42938991.0,33553600000.0,Nifty IT
2020-03-02,15355.05,15722.0,15298.0,15427.65,36517724.0,27398200000.0,Nifty IT
2020-03-03,15615.05,15793.1,15495.7,15723.2,29631724.0,23949100000.0,Nifty IT
2020-03-04,15824.9,15919.95,15612.75,15864.3,32079819.0,26006500000.0,Nifty IT
2020-03-05,15912.05,16150.6,15841.1,15871.35,26935544.0,23282700000.0,Nifty IT
2020-03-06,15607.35,15699.95,15443.0,15663.45,26044423.0,20194300000.0,Nifty IT
2020-03-09,15333.55,15371.0,14705.4,14854.9,36824488.0,27433000000.0,Nifty IT
2020-03-11,14524.15,14823.8,14356.1,14681.4,43270683.0,34987400000.0,Nifty IT
2020-03-12,14177.4,14231.95,13317.65,13384.8,42866258.0,34427600000.0,Nifty IT
2020-03-13,12561.95,13835.35,11624.85,13539.1,47446373.0,34542700000.0,Nifty IT
2020-03-16,12963.7,13078.65,12355.15,12451.35,49460331.0,35243100000.0,Nifty IT
2020-03-17,12517.5,12677.2,11999.55,12099.25,44085983.0,27720800000.0,Nifty IT
2020-03-18,12287.8,12451.1,11643.9,11753.0,45464744.0,29524600000.0,Nifty IT
2020-03-19,11183.95,11698.3,10991.25,11340.0,52457773.0,29377100000.0,Nifty IT
2020-03-20,11382.4,12710.55,11363.5,12363.4,66433629.0,42464200000.0,Nifty IT
2020-03-23,11328.25,11602.45,11108.65,11179.6,44666228.0,28464200000.0,Nifty IT
2020-03-24,11159.75,12053.8,11159.3,11865.05,51315528.0,32373700000.0,Nifty IT
2020-03-25,11856.9,12514.25,11657.25,12233.35,47599771.0,26918000000.0,Nifty IT
2020-03-26,12496.95,12751.55,12306.35,12535.6,47125315.0,29793100000.0,Nifty IT
2020-03-27,12778.15,12949.6,12403.85,12569.1,43319863.0,26690200000.0,Nifty IT
2020-03-30,12152.95,12774.6,12152.95,12318.8,40751093.0,32166800000.0,Nifty IT
2020-03-31,12681.75,12930.8,12466.6,12763.65,38751042.0,24627300000.0,Nifty IT
2020-04-01,12680.5,12690.6,11989.6,12045.85,40937782.0,25796600000.0,Nifty IT
2020-04-03,12129.85,12146.95,11621.2,11680.05,40624880.0,25392900000.0,Nifty IT
2020-04-07,12147.0,12647.4,12132.3,12588.95,39434204.0,26440300000.000004,Nifty IT
2020-04-08,12468.6,12897.5,12437.75,12491.55,40359706.0,27729300000.0,Nifty IT
2020-04-09,12810.8,12867.35,12648.8,12728.55,36108851.0,25314899999.999996,Nifty IT
2020-04-13,12698.85,12795.7,12527.15,12603.1,28465964.0,16881400000.000002,Nifty IT
2020-04-15,12792.45,12951.4,12661.0,12702.6,47886382.0,28179800000.0,Nifty IT
2020-04-16,12430.3,12605.4,12205.9,12463.6,69388542.0,37125400000.0,Nifty IT
2020-04-17,12878.35,12992.05,12596.65,12649.25,46523852.0,35188300000.0,Nifty IT
2020-04-20,12812.6,12937.95,12742.55,12847.65,39177267.0,23436300000.0,Nifty IT
2020-04-21,12513.65,12632.5,12375.8,12408.85,37281970.0,23575900000.0,Nifty IT
2020-04-22,12393.9,12619.45,12322.95,12571.3,27595949.0,17834600000.0,Nifty IT
2020-04-23,12639.8,13199.75,12596.6,13128.2,39760721.0,28954400000.0,Nifty IT
2020-04-24,13001.9,13101.4,12792.9,12816.2,32522500.0,20471500000.0,Nifty IT
2020-04-27,12957.35,13248.95,12928.05,13121.15,40245218.0,26537300000.0,Nifty IT
2020-04-28,13301.95,13317.2,13067.75,13133.65,38809479.0,23121600000.0,Nifty IT
2020-04-29,13250.6,13470.8,13144.8,13424.95,37634296.0,25337100000.0,Nifty IT
2020-04-30,13841.6,14212.1,13750.25,14108.35,61232875.0,40844500000.0,Nifty IT
2020-05-04,13646.1,13700.25,13424.35,13454.25,,,Nifty IT
2020-05-05,13637.8,13667.85,13351.45,13388.0,35386135.0,21057000000.0,Nifty IT
2020-05-06,13437.3,13580.05,13262.25,13394.7,39758016.0,28698300000.0,Nifty IT
2020-05-07,13408.0,13489.55,13268.4,13292.7,48556960.0,28910600000.0,Nifty IT
2020-05-08,13509.45,13530.85,13324.0,13403.6,37686915.0,24054800000.0,Nifty IT
2020-05-11,13521.6,13763.8,13489.25,13593.55,29773180.0,18836800000.0,Nifty IT
2020-05-12,13537.15,13733.5,13480.75,13687.75,32012528.0,21513600000.0,Nifty IT
2020-05-13,13960.35,13960.35,13612.8,13776.95,26694109.0,17750700000.0,Nifty IT
2020-05-14,13396.05,13483.7,13246.8,13293.7,40148565.0,24755000000.0,Nifty IT
2020-05-15,13375.45,13375.8,13108.4,13196.35,30451382.0,20514500000.0,Nifty IT
2020-05-18,13278.25,13408.8,13109.95,13314.4,35386297.0,23259100000.0,Nifty IT
2020-01-27,8270.05,8471.8,8240.1,8416.35,31445075.0,26903400000.0,Nifty Pharma
2020-01-28,8427.8,8513.15,8395.65,8420.25,27888536.0,20441300000.0,Nifty Pharma
2020-01-29,8446.2,8492.45,8361.25,8412.8,22104792.0,15193100000.0,Nifty Pharma
2020-01-30,8426.25,8438.2,8207.6,8237.05,30302538.0,17561400000.0,Nifty Pharma
2020-01-31,8256.2,8299.35,8122.95,8138.6,19900193.0,14021300000.000002,Nifty Pharma
2020-02-01,8129.3,8209.85,7975.9,8013.75,12340055.0,8968900000.0,Nifty Pharma
2020-02-03,8020.95,8122.0,7944.9,7967.55,21276658.0,14093599999.999998,Nifty Pharma
2020-02-04,8002.65,8166.8,7967.8,8122.4,35927209.0,23521400000.0,Nifty Pharma
2020-02-05,8151.2,8185.0,8091.6,8125.6,25123590.0,16209100000.0,Nifty Pharma
2020-02-06,8194.0,8281.25,8176.6,8227.9,43116500.0,29527800000.000004,Nifty Pharma
2020-02-07,8243.05,8363.3,8180.05,8341.85,53298851.0,33770000000.0,Nifty Pharma
2020-02-10,8340.15,8371.2,8235.0,8261.25,26094576.0,15281600000.0,Nifty Pharma
2020-02-11,8303.3,8359.5,8280.95,8324.65,23370221.0,16101500000.0,Nifty Pharma
2020-02-12,8341.7,8375.0,8238.95,8265.05,22810042.0,17119800000.0,Nifty Pharma
2020-02-13,8292.0,8351.55,8246.95,8335.7,20839474.0,17142200000.0,Nifty Pharma
2020-02-14,8349.9,8384.1,8294.2,8331.7,18664002.0,12733900000.000002,Nifty Pharma
2020-02-17,8342.6,8377.35,8193.6,8204.85,28572499.0,14822700000.0,Nifty Pharma
2020-02-18,8190.85,8213.0,8068.2,8198.3,22600610.0,13855700000.0,Nifty Pharma
2020-02-19,8277.4,8390.4,8276.15,8378.65,45593806.0,26830700000.0,Nifty Pharma
2020-02-20,8401.55,8473.8,8348.75,8364.35,36971243.0,23473800000.0,Nifty Pharma
2020-02-24,8275.95,8281.95,8086.65,8115.55,50488414.0,25420400000.0,Nifty Pharma
2020-02-25,8153.85,8153.85,7898.35,7938.45,39869569.0,21559699999.999996,Nifty Pharma
2020-02-26,7886.35,7931.7,7813.95,7839.2,44448864.0,23772100000.0,Nifty Pharma
2020-02-27,7824.5,7903.55,7740.95,7885.15,40519410.0,21554500000.0,Nifty Pharma
2020-02-28,7751.45,7786.6,7559.0,7576.75,35181304.0,22316800000.0,Nifty Pharma
2020-03-02,7675.55,7768.0,7463.05,7535.1,28891044.0,18564900000.0,Nifty Pharma
2020-03-03,7606.8,7966.15,7603.15,7920.6,41206044.0,24837100000.0,Nifty Pharma
2020-03-04,7970.0,8131.85,7840.85,8086.55,57962920.0,32391800000.0,Nifty Pharma
2020-03-05,8125.9,8281.7,8122.6,8146.0,40817153.0,23283600000.0,Nifty Pharma
2020-03-06,7863.1,8057.95,7860.6,8018.3,27817586.0,19304300000.0,Nifty Pharma
2020-03-09,7921.25,7999.3,7698.25,7756.45,33459937.0,20089900000.0,Nifty Pharma
2020-03-11,7754.75,7779.1,7596.35,7623.05,36502334.0,20140300000.0,Nifty Pharma
2020-03-12,7408.4,7423.95,6868.7,6942.55,52330391.0,24764600000.0,Nifty Pharma
2020-03-13,6558.25,7469.7,6242.85,7268.0,51705471.0,23923500000.0,Nifty Pharma
2020-03-16,7075.35,7406.05,6909.65,6959.35,47249630.0,21593800000.0,Nifty Pharma
2020-03-17,7014.5,7289.65,6927.05,6979.1,40951602.0,20900600000.0,Nifty Pharma
2020-03-18,7135.05,7145.4,6666.85,6705.75,44945057.0,21001500000.0,Nifty Pharma
2020-03-19,6489.5,6871.4,6332.0,6655.5,35700672.0,18162800000.0,Nifty Pharma
2020-03-20,6740.25,7088.15,6728.75,6951.9,50098202.0,25340800000.0,Nifty Pharma
2020-03-23,6518.0,6850.55,6380.1,6432.3,33278043.0,15683300000.0,Nifty Pharma
2020-03-24,6589.45,6828.3,6532.65,6611.05,34381735.0,17184000000.0,Nifty Pharma
2020-03-25,6539.6,6746.3,6538.55,6695.55,30766064.0,14407800000.0,Nifty Pharma
2020-03-26,6845.25,6963.25,6743.05,6775.0,43517854.0,21922000000.0,Nifty Pharma
2020-03-27,6924.6,7058.8,6697.95,6813.05,40899569.0,21006000000.0,Nifty Pharma
2020-03-30,6708.7,6970.5,6608.8,6896.0,38187086.0,19127400000.0,Nifty Pharma
2020-03-31,7074.2,7224.35,6951.4,7176.5,39022078.0,20977000000.0,Nifty Pharma
2020-04-01,7206.2,7208.25,6991.6,7026.7,31879062.0,16075700000.0,Nifty Pharma
2020-04-03,7019.85,7452.8,6956.2,7361.6,90108092.0,41389700000.0,Nifty Pharma
2020-04-07,7729.25,8159.75,7569.85,8124.85,103930843.0,55993500000.0,Nifty Pharma
2020-04-08,8122.9,8564.85,8056.3,8412.2,127307172.0,65100500000.0,Nifty Pharma
2020-04-09,8739.5,9032.4,8706.4,8800.45,121942870.0,71536100000.0,Nifty Pharma
2020-04-13,9000.25,9229.6,8852.0,9044.35,121649029.0,67659500000.0,Nifty Pharma
2020-04-15,9265.4,9382.15,8889.2,9038.8,115258180.0,63047200000.0,Nifty Pharma
2020-04-16,9040.9,9251.05,8989.8,9199.3,74190433.0,43662400000.0,Nifty Pharma
2020-04-17,9429.5,9454.1,9066.1,9157.75,70421787.0,42680500000.0,Nifty Pharma
2020-04-20,9176.7,9212.55,9004.75,9149.2,61908115.0,35626300000.0,Nifty Pharma
2020-04-21,9031.85,9561.35,8999.95,9381.65,125520844.0,78116700000.0,Nifty Pharma
2020-04-22,9369.4,9513.0,9305.75,9377.0,79245371.0,50477500000.0,Nifty Pharma
2020-04-23,9400.15,9580.85,9358.35,9388.9,75985091.0,42316300000.0,Nifty Pharma
2020-04-24,9358.4,9638.7,9305.6,9518.45,104409591.0,61460000000.0,Nifty Pharma
2020-04-27,9590.5,9753.5,9557.4,9602.05,75788241.0,46274200000.0,Nifty Pharma
2020-04-28,9699.25,9701.0,9352.0,9386.2,51486443.0,31523600000.0,Nifty Pharma
2020-04-29,9453.3,9498.15,9339.75,9385.45,47209223.0,28633500000.0,Nifty Pharma
2020-04-30,9522.55,9556.5,9253.9,9327.1,68640854.0,44579799999.99999,Nifty Pharma
2020-05-04,9181.6,9507.45,9140.15,9364.6,,,Nifty Pharma
2020-05-05,9493.7,9503.75,9157.35,9181.5,52022881.0,30286600000.0,Nifty Pharma
2020-05-06,9229.85,9289.9,9128.05,9227.15,50166933.0,31063400000.0,Nifty Pharma
2020-05-07,9283.2,9373.55,9128.95,9148.1,42005200.0,25114400000.0,Nifty Pharma
2020-05-08,9275.9,9385.6,9230.35,9343.35,44253004.0,30325600000.0,Nifty Pharma
2020-05-11,9413.25,9416.5,9281.7,9307.3,47289876.0,29964699999.999996,Nifty Pharma
2020-05-12,9291.1,9368.05,9142.8,9246.65,54851247.0,36115900000.0,Nifty Pharma
2020-05-13,9447.95,9447.95,9131.15,9147.75,46759973.0,28040200000.0,Nifty Pharma
2020-05-14,9146.1,9279.65,9103.8,9172.2,60236390.0,32806400000.0,Nifty Pharma
2020-05-15,9177.35,9211.0,9065.65,9093.0,70644388.0,35616900000.0,Nifty Pharma
2020-05-18,9097.6,9201.45,8999.85,9092.65,61511159.0,36166900000.0,Nifty Pharma
2020-01-27,31373.25,31450.35,31110.55,31149.7,17500325.0,9765800000.0,Nifty FMCG
2020-01-28,31210.55,31234.1,31007.2,31027.05,49576185.0,29017700000.0,Nifty FMCG
2020-01-29,31150.45,31506.55,31132.2,31426.25,46825220.0,26011800000.0,Nifty FMCG
2020-01-30,31419.2,31438.35,30849.85,30936.45,37175318.0,25409100000.0,Nifty FMCG
2020-01-31,31099.25,31108.6,30729.6,30775.3,49149652.0,28719300000.0,Nifty FMCG
2020-02-01,30865.05,31140.0,30016.4,30196.65,60387092.0,25142500000.0,Nifty FMCG
2020-02-03,30049.3,30702.95,29833.05,30435.3,102457740.0,43108700000.0,Nifty FMCG
2020-02-04,30614.05,30857.05,30467.0,30744.0,58565411.0,27511300000.0,Nifty FMCG
2020-02-05,30885.2,30984.5,30736.05,30934.4,64580430.0,28598000000.0,Nifty FMCG
2020-02-06,31055.4,31158.65,30590.25,30736.6,49485384.0,23145900000.0,Nifty FMCG
2020-02-07,30806.5,30930.0,30724.05,30809.5,47794999.0,24500000000.0,Nifty FMCG
2020-02-10,30863.7,30872.15,30496.55,30528.45,24442191.0,16662800000.0,Nifty FMCG
2020-02-11,30856.25,30871.15,30375.35,30414.55,46118449.0,20787600000.000004,Nifty FMCG
2020-02-12,30494.95,31084.45,30488.45,30986.25,35306974.0,29757900000.0,Nifty FMCG
2020-02-13,30968.35,31066.6,30817.55,31039.3,27421091.0,21503900000.0,Nifty FMCG
2020-02-14,31036.9,31205.9,30556.3,30646.75,29591320.0,17932300000.0,Nifty FMCG
2020-02-17,30660.35,30788.6,30451.1,30481.05,35459574.0,18190100000.0,Nifty FMCG
2020-02-18,30463.0,30471.35,30076.65,30360.6,40610242.0,19385000000.0,Nifty FMCG
2020-02-19,30529.4,30888.9,30440.35,30835.0,28679644.0,18857800000.0,Nifty FMCG
2020-02-20,30807.75,30904.45,30585.2,30636.25,34634952.0,18368300000.0,Nifty FMCG
2020-02-24,30545.5,30590.0,30108.4,30147.6,32962208.0,17868200000.0,Nifty FMCG
2020-02-25,30295.8,30580.25,30145.1,30173.2,31166143.0,18464100000.0,Nifty FMCG
2020-02-26,30155.1,30231.75,29851.2,29965.55,35992533.0,21615900000.0,Nifty FMCG
2020-02-27,29993.4,30012.6,29622.25,29981.2,33412776.0,20228700000.0,Nifty FMCG
2020-02-28,29468.4,29578.5,29151.8,29310.25,60349528.0,33122000000.0,Nifty FMCG
2020-03-02,29610.15,29913.1,28911.5,29138.9,40844563.0,23118800000.0,Nifty FMCG
2020-03-03,29350.45,29539.5,29119.5,29406.2,40485393.0,22906300000.0,Nifty FMCG
2020-03-04,29563.15,29604.7,28873.35,29223.75,45837467.0,22107199999.999996,Nifty FMCG
2020-03-05,29333.25,29844.1,29332.05,29530.5,38389692.0,23059200000.0,Nifty FMCG
2020-03-06,28988.2,29201.75,28689.45,28937.0,47823517.0,23125600000.0,Nifty FMCG
2020-03-09,28466.25,28530.45,27841.3,28056.5,43871379.0,22835700000.0,Nifty FMCG
2020-03-11,27697.95,28256.9,27639.3,28078.75,48363955.0,24797600000.000004,Nifty FMCG
2020-03-12,27305.85,27319.6,25716.2,26083.0,85959069.0,37406000000.0,Nifty FMCG
2020-03-13,24896.85,26935.0,23420.4,26208.0,93535575.0,37520300000.0,Nifty FMCG
2020-03-16,25586.4,25624.35,24492.7,24707.65,57561430.0,26796400000.0,Nifty FMCG
2020-03-17,24850.5,25677.55,24598.2,24929.85,74735778.0,30272600000.000004,Nifty FMCG
2020-03-18,25269.25,25392.65,24047.0,24186.5,74132447.0,30177500000.0,Nifty FMCG
2020-03-19,23695.9,24382.0,22699.05,23970.75,118829938.0,37815000000.0,Nifty FMCG
2020-03-20,24198.2,26113.7,24198.2,25931.6,87762108.0,35009900000.0,Nifty FMCG
2020-03-23,23950.55,24373.55,23082.2,23184.05,69667235.0,24774600000.0,Nifty FMCG
2020-03-24,24123.3,24584.85,23390.45,23935.3,83206249.0,36791600000.0,Nifty FMCG
2020-03-25,23804.85,24695.25,23646.7,24471.7,92962761.0,36540700000.0,Nifty FMCG
2020-03-26,24727.15,26091.05,24295.6,25680.1,87681348.0,33596900000.0,Nifty FMCG
2020-03-27,26382.25,26557.7,25301.8,25740.45,55047455.0,25325300000.000004,Nifty FMCG
2020-03-30,25218.5,26164.1,25159.85,25831.55,48612218.0,24100000000.0,Nifty FMCG
2020-03-31,26472.75,27406.2,26038.8,27319.2,64851135.0,27004800000.0,Nifty FMCG
2020-04-01,27346.95,27683.9,26197.05,26358.8,41906619.0,23577900000.0,Nifty FMCG
2020-04-03,26716.5,27180.75,26114.2,26537.75,90161887.0,35178900000.0,Nifty FMCG
2020-04-07,27491.6,28823.5,27272.9,28745.3,70920964.0,45108500000.0,Nifty FMCG
2020-04-08,28600.25,29817.6,28397.35,28839.9,75200365.0,51791200000.0,Nifty FMCG
2020-04-09,29500.75,29501.2,28764.25,28953.2,76633055.0,38629500000.0,Nifty FMCG
2020-04-13,28913.3,28963.05,28357.75,28509.85,41204171.0,23974300000.0,Nifty FMCG
2020-04-15,28979.6,29865.35,28880.6,29686.95,106868399.0,102809400000.0,Nifty FMCG
2020-04-16,29563.45,30023.0,29233.1,29512.3,61078096.0,38796000000.0,Nifty FMCG
2020-04-17,30202.75,30202.75,29092.35,29202.35,57684415.0,35096800000.0,Nifty FMCG
2020-04-20,29490.25,29490.25,28542.3,28598.1,56367919.0,26942500000.0,Nifty FMCG
2020-04-21,28134.3,28791.2,28063.3,28480.6,46484214.0,27647100000.0,Nifty FMCG
2020-04-22,28453.35,29264.25,28197.1,29185.15,50159275.0,30550800000.0,Nifty FMCG
2020-04-23,29278.45,29698.35,28689.6,28786.25,63716288.0,43267400000.0,Nifty FMCG
2020-04-24,28736.45,29008.9,28591.2,28636.7,42113333.0,29467100000.0,Nifty FMCG
2020-04-27,28805.2,29101.65,28771.6,29052.55,42007893.0,29128600000.0,Nifty FMCG
2020-04-28,29208.9,29233.4,28636.0,28778.15,39175236.0,24653400000.0,Nifty FMCG
2020-04-29,28887.5,28932.35,28608.25,28665.0,43005148.0,27028400000.0,Nifty FMCG
2020-04-30,29078.45,29078.45,28460.05,28669.3,65338853.0,44679200000.0,Nifty FMCG
2020-05-04,28197.45,28235.45,27544.75,27599.0,,,Nifty FMCG
2020-05-05,27815.7,28011.75,27065.85,27138.6,65780211.0,36986700000.0,Nifty FMCG
2020-05-06,27061.5,27062.1,26373.95,26630.2,101493046.0,41833500000.0,Nifty FMCG
2020-05-07,26402.25,26445.1,25984.0,26254.55,236904193.0,380012400000.0,Nifty FMCG
2020-05-08,26809.4,26809.4,26598.05,26759.8,65277326.0,56033900000.0,Nifty FMCG
2020-05-11,26895.65,27149.05,26608.2,26667.8,50403534.0,42890300000.0,Nifty FMCG
2020-05-12,26571.05,26913.65,26321.9,26857.15,53361288.0,49883800000.0,Nifty FMCG
2020-05-13,27761.9,27765.9,26680.75,26746.5,56803279.0,46761100000.0,Nifty FMCG
2020-05-14,26618.1,27090.8,26587.0,26933.65,65530916.0,50890200000.00001,Nifty FMCG
2020-05-15,26969.4,27028.95,26795.85,26958.65,54811702.0,37595400000.0,Nifty FMCG
2020-05-18,27057.5,27092.5,26653.95,26694.65,59539266.0,41789100000.0,Nifty FMCG
2020-01-27,14130.9,14216.0,14054.05,14083.5,174584995.0,18209900000.0,Nifty MNC
2020-01-28,14130.55,14155.4,14020.05,14032.35,329005925.0,43995700000.0,Nifty MNC
2020-01-29,14116.8,14199.2,14070.55,14097.0,262869427.0,38552400000.0,Nifty MNC
2020-01-30,14091.45,14100.1,13871.0,13907.35,287979086.0,23314800000.0,Nifty MNC
2020-01-31,13963.75,13965.95,13734.85,13760.3,206960590.0,25532300000.0,Nifty MNC
2020-02-01,13745.05,13910.05,13561.8,13636.85,185277997.0,28564300000.0,Nifty MNC
2020-02-03,13627.75,13987.75,13621.0,13958.0,180827070.0,34079200000.0,Nifty MNC
2020-02-04,14006.2,14158.3,13967.4,14131.75,129416349.0,27411300000.0,Nifty MNC
2020-02-05,14202.95,14260.4,14091.05,14149.6,178197057.0,24805100000.000004,Nifty MNC
2020-02-06,14208.15,14268.7,14124.15,14172.7,160201860.0,22810800000.0,Nifty MNC
2020-02-07,14207.35,14239.4,14134.15,14219.95,171662478.0,27931700000.0,Nifty MNC
2020-02-10,14234.7,14235.35,14069.45,14101.9,126345591.0,22090200000.0,Nifty MNC
2020-02-11,14177.05,14201.3,14036.95,14066.4,176469375.0,23222399999.999996,Nifty MNC
2020-02-12,14092.6,14233.25,14083.05,14174.05,339325474.0,33535400000.0,Nifty MNC
2020-02-13,14172.65,14263.75,14141.0,14251.35,165620109.0,29135500000.0,Nifty MNC
2020-02-14,14236.35,14345.9,14053.85,14076.95,1459862746.0,27223000000.0,Nifty MNC
2020-02-17,14096.7,14151.05,14042.85,14057.9,852271461.0,20885000000.0,Nifty MNC
2020-02-18,14055.3,14057.55,13876.45,13995.3,688457370.0,23698200000.0,Nifty MNC
2020-02-19,14089.45,14184.8,14050.35,14171.4,1054164102.0,25600600000.0,Nifty MNC
2020-02-20,14161.3,14220.7,14098.35,14110.0,1012040404.0,25042399999.999996,Nifty MNC
2020-02-24,14076.85,14076.9,13837.95,13856.55,749372217.0,27936800000.0,Nifty MNC
2020-02-25,13906.2,13993.8,13815.6,13828.8,674390567.0,29053100000.0,Nifty MNC
2020-02-26,13818.25,13842.75,13647.2,13673.15,391790185.0,34245100000.000004,Nifty MNC
2020-02-27,13697.05,13701.0,13522.45,13657.65,461101786.0,32651200000.0,Nifty MNC
2020-02-28,13401.4,13424.85,13218.15,13256.85,515010029.0,43391800000.0,Nifty MNC
2020-03-02,13407.4,13558.65,13137.0,13224.3,333708468.0,30062800000.000004,Nifty MNC
2020-03-03,13315.9,13511.2,13282.95,13467.85,396307116.0,30511700000.0,Nifty MNC
2020-03-04,13513.45,13528.65,13201.6,13416.2,297357049.0,28919400000.0,Nifty MNC
2020-03-05,13464.25,13584.55,13436.7,13464.45,411717073.0,28187199999.999996,Nifty MNC
2020-03-06,13168.2,13376.05,13067.6,13332.0,390681639.0,27206300000.0,Nifty MNC
2020-03-09,13112.1,13151.0,12743.4,12847.9,771928640.0,31621100000.0,Nifty MNC
2020-03-11,12805.95,12964.65,12679.95,12802.45,792486860.0,30428800000.0,Nifty MNC
2020-03-12,12462.5,12463.5,11848.55,11975.95,838511976.0,42321800000.0,Nifty MNC
2020-03-13,11332.15,12422.1,10746.4,12177.05,1518692008.0,45444000000.0,Nifty MNC
2020-03-16,11840.4,11894.95,11529.65,11602.55,1395537583.0,35361700000.0,Nifty MNC
2020-03-17,11661.3,11896.65,11543.0,11583.25,776300209.0,36883100000.0,Nifty MNC
2020-03-18,11719.5,11767.05,10977.7,11034.15,2300815153.0,37318400000.0,Nifty MNC
2020-03-19,10593.5,10723.25,10212.3,10438.35,759593013.0,47585700000.0,Nifty MNC
2020-03-20,10540.15,11119.2,10457.0,11009.8,546218642.0,39026300000.0,Nifty MNC
2020-03-23,10120.45,10453.6,9648.2,9683.4,417579766.0,28581500000.0,Nifty MNC
2020-03-24,9965.65,10299.85,9743.35,10058.6,399366663.0,36267500000.0,Nifty MNC
2020-03-25,9958.45,10546.45,9926.7,10481.7,243192292.0,34674500000.0,Nifty MNC
2020-03-26,10585.6,10967.75,10423.4,10874.55,304069856.0,33928800000.0,Nifty MNC
2020-03-27,11236.95,11279.2,10627.0,10690.95,233128344.0,29983400000.0,Nifty MNC
2020-03-30,10590.35,10787.35,10495.55,10664.25,152291440.0,28506400000.0,Nifty MNC
2020-03-31,10927.35,11100.6,10758.15,11069.3,257451332.0,31946700000.0,Nifty MNC
2020-04-01,11091.15,11142.65,10715.7,10791.1,254850455.0,26140500000.0,Nifty MNC
2020-04-03,10882.6,10882.6,10614.4,10631.95,271013987.0,32543900000.0,Nifty MNC
2020-04-07,10952.85,11493.55,10933.85,11465.3,257508802.0,54084000000.0,Nifty MNC
2020-04-08,11388.45,11933.15,11345.15,11592.35,307064590.0,64503200000.0,Nifty MNC
2020-04-09,11821.4,11960.85,11743.15,11940.6,233168756.0,53068200000.0,Nifty MNC
2020-04-13,11993.8,11996.65,11662.6,11915.35,918419049.0,40385100000.0,Nifty MNC
2020-04-15,12078.0,12328.8,12029.7,12130.65,872106244.0,113524300000.0,Nifty MNC
2020-04-16,12083.2,12302.0,11984.15,12225.65,515908005.0,47037700000.00001,Nifty MNC
2020-04-17,12544.6,12545.7,12154.55,12271.9,620853376.0,45868400000.0,Nifty MNC
2020-04-20,12385.7,12385.75,12092.1,12118.3,364146543.0,32455000000.0,Nifty MNC
2020-04-21,11894.45,12005.35,11784.45,11920.9,338977504.0,36230900000.0,Nifty MNC
2020-04-22,11902.7,12181.8,11813.2,12161.75,524917711.0,40513700000.0,Nifty MNC
2020-04-23,12217.05,12425.55,12133.7,12174.9,762816002.0,49286200000.0,Nifty MNC
2020-04-24,12121.65,12253.2,12049.4,12074.7,390245571.0,36614300000.0,Nifty MNC
2020-04-27,12203.65,12373.3,12191.05,12339.6,311474184.0,35580300000.0,Nifty MNC
2020-04-28,12463.05,12470.55,12222.0,12254.25,385746700.0,35197700000.0,Nifty MNC
2020-04-29,12323.25,12358.05,12272.0,12311.9,440251258.0,36133000000.0,Nifty MNC
2020-04-30,12481.4,12552.0,12431.75,12524.9,458921251.0,59928100000.00001,Nifty MNC
2020-05-04,12195.8,12211.8,12001.05,12053.45,,,Nifty MNC
2020-05-05,12193.6,12229.05,11813.85,11845.15,286256770.0,40880700000.0,Nifty MNC
2020-05-06,11880.85,12005.75,11732.2,11851.8,517618681.0,44673900000.0,Nifty MNC
2020-05-07,11823.0,11844.65,11711.6,11730.35,409312561.0,383890500000.0,Nifty MNC
2020-05-08,11932.3,11932.3,11827.85,11851.7,255997402.0,60647600000.0,Nifty MNC
2020-05-11,11943.65,12030.45,11930.2,11950.35,1045765192.0,64977000000.0,Nifty MNC
2020-05-12,11917.05,12049.05,11775.2,12017.3,763448676.0,75174200000.0,Nifty MNC
2020-05-13,12398.8,12398.8,11995.35,12016.4,685993102.0,76988900000.0,Nifty MNC
2020-05-14,11935.7,12104.1,11896.2,12041.9,360679804.0,62931899999.99999,Nifty MNC
2020-05-15,12108.8,12111.4,11989.55,12079.95,373318253.0,53479500000.0,Nifty MNC
2020-05-18,12097.05,12106.85,11735.75,11753.85,518957534.0,62741400000.0,Nifty MNC
2020-01-27,15642.4,15671.75,15458.45,15489.25,62868591.0,17930800000.0,Nifty Energy
2020-01-28,15526.9,15529.7,15309.6,15363.35,86877114.0,28675000000.0,Nifty Energy
2020-01-29,15421.7,15532.6,15399.95,15451.9,104051120.0,31234000000.0,Nifty Energy
2020-01-30,15473.55,15477.7,15195.65,15244.8,124855431.0,31017500000.0,Nifty Energy
2020-01-31,15318.85,15322.8,14790.55,14838.8,271863397.0,56830000000.0,Nifty Energy
2020-02-01,14820.0,14885.55,14351.3,14426.35,137791062.0,32808600000.0,Nifty Energy
2020-02-03,14374.55,14602.3,14271.85,14499.75,110868454.0,34186600000.0,Nifty Energy
2020-02-04,14619.85,14968.55,14619.5,14953.8,100393412.0,29978500000.0,Nifty Energy
2020-02-05,14998.25,15184.55,14965.85,15099.15,90564044.0,28364800000.0,Nifty Energy
2020-02-06,15120.4,15266.9,15112.35,15228.8,77743865.0,23762800000.000004,Nifty Energy
2020-02-07,15206.35,15237.25,15106.35,15189.95,88003387.0,20315400000.0,Nifty Energy
2020-02-10,15185.85,15186.55,14947.25,15025.5,132612454.0,27290300000.000004,Nifty Energy
2020-02-11,15152.05,15319.25,15134.85,15233.45,117887221.0,25446200000.0,Nifty Energy
2020-02-12,15268.6,15380.75,15198.8,15234.2,79215094.0,19754500000.0,Nifty Energy
2020-02-13,15263.8,15317.9,15140.4,15191.25,101940778.0,22527500000.0,Nifty Energy
2020-02-14,15205.25,15276.35,15028.4,15048.65,135379107.0,33881900000.0,Nifty Energy
2020-02-17,15095.95,15148.85,14761.7,14816.45,114970460.0,23004200000.0,Nifty Energy
2020-02-18,14782.45,14826.6,14568.6,14789.85,138595352.0,25551700000.0,Nifty Energy
2020-02-19,14935.8,15071.6,14877.9,15057.2,88450235.0,21430100000.000004,Nifty Energy
2020-02-20,15012.75,15088.25,14964.75,14987.65,120418565.0,25930500000.0,Nifty Energy
2020-02-24,14911.9,14911.9,14602.6,14627.45,83029802.0,25020900000.0,Nifty Energy
2020-02-25,14726.6,14740.0,14421.2,14455.85,90765288.0,29340200000.0,Nifty Energy
2020-02-26,14411.7,14426.65,14148.3,14189.7,118668741.0,32570100000.000004,Nifty Energy
2020-02-27,14161.45,14178.65,13934.5,14069.05,142221064.0,32201500000.0,Nifty Energy
2020-02-28,13748.1,13804.05,13564.8,13651.0,178120158.0,43040900000.0,Nifty Energy
2020-03-02,13914.65,14048.5,13311.7,13419.05,128249742.0,32599699999.999996,Nifty Energy
2020-03-03,13554.3,13940.45,13534.05,13863.7,115822951.0,29770000000.0,Nifty Energy
2020-03-04,13893.55,13975.2,13657.65,13876.65,114211684.0,27442100000.0,Nifty Energy
2020-03-05,13956.0,14039.8,13707.05,13743.65,98597724.0,29386800000.0,Nifty Energy
2020-03-06,13314.45,13469.2,13118.05,13342.6,118892105.0,33420100000.000004,Nifty Energy
2020-03-09,13071.85,13116.4,12366.35,12480.3,340421903.0,93018200000.0,Nifty Energy
2020-03-11,12439.9,12682.8,12343.1,12398.7,249240185.0,58354500000.0,Nifty Energy
2020-03-12,11807.85,11813.65,11144.75,11204.9,317296366.0,58278000000.0,Nifty Energy
2020-03-13,10658.3,11925.1,9767.8,11721.25,324508487.0,67476400000.0,Nifty Energy
2020-03-16,11296.6,11511.45,10973.45,11017.45,212107660.0,41847299999.99999,Nifty Energy
2020-03-17,11142.75,11542.15,10906.2,10960.3,173328093.0,39085900000.0,Nifty Energy
2020-03-18,11124.9,11195.3,10129.55,10466.9,432664370.0,58353900000.0,Nifty Energy
2020-03-19,10033.3,10430.35,9802.65,10042.95,229750458.0,46087600000.0,Nifty Energy
2020-03-20,10213.95,11019.35,10196.05,10910.1,377054258.0,63669100000.0,Nifty Energy
2020-03-23,9904.15,10220.0,9799.95,9850.5,165671447.0,31446000000.0,Nifty Energy
2020-03-24,10154.3,10352.4,9750.0,10024.0,152952094.0,32982199999.999996,Nifty Energy
2020-03-25,10033.9,10878.0,10027.8,10558.5,144147911.0,46252200000.0,Nifty Energy
2020-03-26,10674.15,10749.05,10416.8,10640.7,181007529.0,36675800000.0,Nifty Energy
2020-03-27,10849.75,10937.45,10517.8,10626.3,171968606.0,34653100000.0,Nifty Energy
2020-03-30,10338.1,10652.5,10210.85,10401.1,123535903.0,24834300000.0,Nifty Energy
2020-03-31,10689.0,11176.4,10556.15,11124.15,195836193.0,41564600000.0,Nifty Energy
2020-04-01,11119.45,11133.1,10657.0,10771.9,118105179.0,31872900000.0,Nifty Energy
2020-04-03,11040.0,11040.5,10641.1,10888.4,159531858.0,35845200000.0,Nifty Energy
2020-04-07,11184.9,11700.05,11079.3,11667.75,187497243.0,46279200000.0,Nifty Energy
2020-04-08,11566.75,11990.55,11427.9,11685.15,180569917.0,43769900000.0,Nifty Energy
2020-04-09,11916.25,12037.25,11818.55,11987.0,103123738.0,29333500000.0,Nifty Energy
2020-04-13,11972.35,11992.95,11635.8,11830.65,107625553.0,23229500000.0,Nifty Energy
2020-04-15,11945.2,12260.6,11676.95,11721.9,126005128.0,31938500000.0,Nifty Energy
2020-04-16,11656.7,12064.45,11631.9,11978.75,125676746.0,32429400000.0,Nifty Energy
2020-04-17,12419.35,12419.35,12143.05,12281.15,97955010.0,27576600000.0,Nifty Energy
2020-04-20,12361.1,12466.45,12106.8,12402.05,129381759.0,32374100000.0,Nifty Energy
2020-04-21,12138.25,12144.1,11864.45,12090.55,135337902.0,45002299999.99999,Nifty Energy
2020-04-22,12316.75,12519.95,12044.35,12485.8,213341063.0,101280200000.0,Nifty Energy
2020-04-23,12529.95,12627.45,12409.65,12438.7,146707455.0,53174399999.99999,Nifty Energy
2020-04-24,12322.55,12831.4,12284.5,12500.8,176912152.0,99588900000.0,Nifty Energy
2020-04-27,12640.95,12785.05,12558.05,12581.95,115314371.0,48468600000.0,Nifty Energy
2020-04-28,12677.95,12713.0,12433.45,12547.7,169197849.0,66834500000.0,Nifty Energy
2020-04-29,12664.5,12721.3,12581.25,12611.55,122280952.0,35715600000.0,Nifty Energy
2020-04-30,12821.2,13228.65,12711.2,13154.7,203147396.0,64735700000.0,Nifty Energy
2020-05-04,12825.55,12919.65,12689.15,12726.65,,,Nifty Energy
2020-05-05,12917.25,13119.1,12857.3,12897.9,165419674.0,47109500000.0,Nifty Energy
2020-05-06,12816.95,12966.4,12697.6,12912.4,189024150.0,47639799999.99999,Nifty Energy
2020-05-07,12852.7,12867.95,12748.0,12829.4,113190841.0,44124900000.0,Nifty Energy
2020-05-08,13043.65,13075.65,12872.4,12896.7,159663041.0,72955100000.0,Nifty Energy
2020-05-11,13007.5,13188.85,12890.25,12920.15,136690964.0,59044100000.0,Nifty Energy
2020-05-12,12859.9,12919.45,12584.45,12664.4,159531925.0,80689000000.0,Nifty Energy
2020-05-13,13176.8,13176.8,12742.0,12911.45,185004435.0,59223500000.0,Nifty Energy
2020-05-14,12764.35,12782.4,12456.25,12485.95,189907571.0,46311700000.0,Nifty Energy
2020-05-15,12547.0,12687.6,12440.7,12615.45,159142560.0,55040200000.00001,Nifty Energy
2020-05-18,12672.5,12672.5,12189.25,12214.55,159336474.0,55602400000.0,Nifty Energy
2020-01-27,328.8,332.4,325.55,326.8,11546185.0,3201300000.0,Nifty Realty
2020-01-28,326.8,329.25,325.2,326.95,11245597.0,2835000000.0,Nifty Realty
2020-01-29,329.45,331.85,327.6,328.5,9391548.0,2651800000.0,Nifty Realty
2020-01-30,329.75,330.05,323.55,327.15,9798856.0,2746100000.0,Nifty Realty
2020-01-31,329.85,331.9,326.5,331.05,19472690.0,4429400000.0,Nifty Realty
2020-02-01,329.7,336.35,302.9,305.0,29269941.0,7153900000.0,Nifty Realty
2020-02-03,303.5,312.55,298.7,310.0,25056162.0,6941000000.0,Nifty Realty
2020-02-04,310.1,322.2,308.6,318.6,22765958.0,5549700000.0,Nifty Realty
2020-02-05,321.35,329.95,318.75,326.4,17529955.0,5260100000.0,Nifty Realty
2020-02-06,324.1,329.8,322.3,326.25,23676233.0,5811400000.0,Nifty Realty
2020-02-07,325.8,326.8,319.45,320.3,17123995.0,4031000000.0,Nifty Realty
2020-02-10,320.5,321.0,315.1,317.1,11231560.0,2533800000.0,Nifty Realty
2020-02-11,318.9,320.9,316.25,317.8,11700389.0,2646600000.0000005,Nifty Realty
2020-02-12,318.0,318.65,311.4,315.2,10091917.0,2512900000.0,Nifty Realty
2020-02-13,315.75,316.7,311.8,313.8,9420015.0,2681800000.0,Nifty Realty
2020-02-14,314.95,315.4,309.05,310.3,10833424.0,2689400000.0,Nifty Realty
2020-02-17,311.95,312.5,304.15,305.7,12397470.0,3041700000.0,Nifty Realty
2020-02-18,304.6,305.35,300.35,302.85,10212036.0,2315700000.0,Nifty Realty
2020-02-19,306.1,308.45,301.9,306.2,10008877.0,2497600000.0,Nifty Realty
2020-02-20,305.9,309.0,304.65,306.25,13122599.0,3193300000.0,Nifty Realty
2020-02-24,304.15,305.8,298.7,299.75,10623802.0,2366600000.0,Nifty Realty
2020-02-25,300.7,304.7,300.4,302.55,11887860.0,3001000000.0,Nifty Realty
2020-02-26,300.7,302.0,295.05,297.5,10032688.0,2115300000.0,Nifty Realty
2020-02-27,296.7,297.1,288.0,290.3,12735540.0,2590700000.0,Nifty Realty
2020-02-28,282.75,284.1,275.8,280.55,18266659.0,4146800000.0,Nifty Realty
2020-03-02,284.9,289.1,277.2,279.65,16387962.0,3085200000.0,Nifty Realty
2020-03-03,280.85,287.1,280.0,284.15,16081109.0,3278500000.0,Nifty Realty
2020-03-04,286.3,288.25,273.6,281.05,13998010.0,3065000000.0,Nifty Realty
2020-03-05,283.6,284.85,275.45,277.85,14040131.0,3522799999.9999995,Nifty Realty
2020-03-06,268.45,271.15,265.1,269.75,12517593.0,2847700000.0,Nifty Realty
2020-03-09,263.05,264.05,256.65,260.0,14104878.0,3162600000.0,Nifty Realty
2020-03-11,258.35,260.55,252.7,255.25,11432519.0,2663300000.0,Nifty Realty
2020-03-12,243.5,244.85,227.45,230.3,16522115.0,3167000000.0,Nifty Realty
2020-03-13,208.55,236.95,203.4,235.85,14615406.0,3049000000.0,Nifty Realty
2020-03-16,223.75,225.0,214.65,216.15,10718354.0,2493700000.0,Nifty Realty
2020-03-17,214.65,220.0,210.5,211.0,11915878.0,2400900000.0,Nifty Realty
2020-03-18,215.3,215.9,195.7,197.75,12952523.0,2727300000.0,Nifty Realty
2020-03-19,187.45,195.25,181.95,191.2,14930335.0,2905800000.0,Nifty Realty
2020-03-20,191.45,198.65,183.2,196.4,38437913.0,4122000000.0,Nifty Realty
2020-03-23,178.55,185.35,171.1,174.1,9352131.0,1513000000.0,Nifty Realty
2020-03-24,175.55,181.6,166.15,170.65,15191738.0,2326300000.0,Nifty Realty
2020-03-25,166.5,176.4,165.35,175.1,17108422.0,2424600000.0,Nifty Realty
2020-03-26,177.75,189.7,173.0,185.8,22629440.0,2986800000.0,Nifty Realty
2020-03-27,191.9,199.45,181.65,185.05,19297142.0,2800100000.0,Nifty Realty
2020-03-30,181.25,182.2,170.05,171.6,13368687.0,1812800000.0,Nifty Realty
2020-03-31,177.35,178.35,171.9,175.5,12741227.0,1810700000.0,Nifty Realty
2020-04-01,175.55,177.6,170.85,172.1,9163479.0,1377900000.0,Nifty Realty
2020-04-03,173.4,175.4,168.8,172.05,10531108.0,1592900000.0,Nifty Realty
2020-04-07,178.05,183.95,177.1,183.0,12343063.0,2513800000.0,Nifty Realty
2020-04-08,180.35,188.55,178.85,180.5,15604004.0,2207500000.0,Nifty Realty
2020-04-09,183.55,187.05,179.95,185.75,11181179.0,1908100000.0,Nifty Realty
2020-04-13,186.6,186.7,173.9,176.7,17201639.0,2739500000.0,Nifty Realty
2020-04-15,177.6,182.95,177.0,179.95,14796420.0,2754200000.0,Nifty Realty
2020-04-16,179.05,184.55,178.6,181.3,17672261.0,2960800000.0,Nifty Realty
2020-04-17,188.95,192.5,186.9,187.8,35363279.0,5534100000.0,Nifty Realty
2020-04-20,189.9,192.15,187.8,188.9,23590488.0,3953600000.0,Nifty Realty
2020-04-21,186.2,186.45,182.3,185.45,18392666.0,2584000000.0,Nifty Realty
2020-04-22,186.05,186.7,181.8,184.05,15366269.0,2327500000.0,Nifty Realty
2020-04-23,185.8,189.4,183.7,185.45,15325363.0,2494600000.0,Nifty Realty
2020-04-24,182.75,183.2,177.0,177.7,17345096.0,2440200000.0,Nifty Realty
2020-04-27,180.4,182.5,178.45,180.1,12232963.0,2031100000.0000002,Nifty Realty
2020-04-28,182.25,182.6,179.75,181.5,14295543.0,2002000000.0,Nifty Realty
2020-04-29,182.85,184.7,182.45,183.15,14508844.0,2189800000.0,Nifty Realty
2020-04-30,185.65,191.75,185.05,187.3,18725387.0,3276900000.0,Nifty Realty
2020-05-04,181.45,182.2,173.9,174.3,,,Nifty Realty
2020-05-05,177.1,177.25,169.0,169.3,11854952.0,1927100000.0,Nifty Realty
2020-05-06,169.7,171.8,168.6,171.0,12089690.0,2101500000.0,Nifty Realty
2020-05-07,171.2,173.55,170.15,170.65,9836484.0,1595800000.0000002,Nifty Realty
2020-05-08,173.55,173.7,168.65,169.55,11110860.0,1686100000.0000002,Nifty Realty
2020-05-11,173.15,173.85,170.7,171.1,11024816.0,2187600000.0,Nifty Realty
2020-05-12,169.9,173.1,167.3,172.45,10714377.0,1747900000.0,Nifty Realty
2020-05-13,180.15,180.7,175.65,178.4,15964409.0,3126800000.0,Nifty Realty
2020-05-14,178.6,178.6,173.2,175.2,12407814.0,2065600000.0,Nifty Realty
2020-05-15,177.35,177.45,171.75,172.5,12611623.0,1959500000.0,Nifty Realty
2020-05-18,172.2,172.6,162.6,163.3,11094332.0,2022300000.0,Nifty Realty
2020-01-27,2417.5,2425.45,2387.65,2391.25,95803369.0,14174000000.0,Nifty PSU Bank
2020-01-28,2400.0,2409.4,2354.7,2370.65,85285923.0,14053900000.000002,Nifty PSU Bank
2020-01-29,2391.4,2398.95,2373.85,2378.15,62786305.0,11131400000.000002,Nifty PSU Bank
2020-01-30,2378.9,2378.9,2330.7,2346.75,80992770.0,15374500000.0,Nifty PSU Bank
2020-01-31,2363.85,2388.8,2333.95,2366.05,151285994.0,34516300000.0,Nifty PSU Bank
2020-02-01,2365.95,2388.2,2261.9,2277.95,108884224.0,23611300000.0,Nifty PSU Bank
2020-02-03,2273.35,2286.65,2215.65,2221.85,121198029.0,22651200000.0,Nifty PSU Bank
2020-02-04,2246.3,2270.45,2226.65,2241.15,140429741.0,22584600000.0,Nifty PSU Bank
2020-02-05,2244.6,2263.35,2235.85,2252.4,96313351.0,16001700000.0,Nifty PSU Bank
2020-02-06,2261.1,2343.25,2254.15,2316.05,150930839.0,26674400000.0,Nifty PSU Bank
2020-02-07,2317.55,2339.15,2293.5,2313.2,91475493.0,17099300000.0,Nifty PSU Bank
2020-02-10,2311.7,2318.65,2272.55,2290.45,74689062.0,11632800000.0,Nifty PSU Bank
2020-02-11,2310.35,2321.55,2285.7,2293.4,71410205.0,13182200000.0,Nifty PSU Bank
2020-02-12,2312.0,2312.0,2243.45,2249.25,88776639.0,16763400000.0,Nifty PSU Bank
2020-02-13,2257.0,2282.4,2251.45,2256.3,107105530.0,24387100000.0,Nifty PSU Bank
2020-02-14,2261.15,2280.45,2205.15,2211.2,97875505.0,19793500000.0,Nifty PSU Bank
2020-02-17,2207.7,2213.6,2141.6,2145.65,92674998.0,16021199999.999998,Nifty PSU Bank
2020-02-18,2145.5,2145.85,2074.55,2128.2,112364872.0,17602800000.0,Nifty PSU Bank
2020-02-19,2148.9,2164.55,2122.05,2147.55,83743137.0,16245400000.0,Nifty PSU Bank
2020-02-20,2140.0,2188.9,2134.55,2168.95,91554258.0,16970400000.0,Nifty PSU Bank
2020-02-24,2143.9,2158.15,2104.0,2109.2,94239217.0,18337100000.0,Nifty PSU Bank
2020-02-25,2121.4,2127.25,2094.45,2109.6,83115455.0,16091000000.0,Nifty PSU Bank
2020-02-26,2095.6,2117.9,2084.45,2096.6,92891758.0,17939600000.0,Nifty PSU Bank
2020-02-27,2095.0,2099.0,2039.05,2049.1,115157063.0,19925500000.0,Nifty PSU Bank
2020-02-28,1985.65,1992.4,1939.3,1945.6,143546706.0,24135800000.0,Nifty PSU Bank
2020-03-02,1989.0,1996.5,1839.95,1857.6,151078037.0,25931200000.0,Nifty PSU Bank
2020-03-03,1878.05,1899.55,1845.1,1881.2,137392638.0,23066400000.0,Nifty PSU Bank
2020-03-04,1889.7,1897.4,1816.8,1865.9,150142365.0,25860000000.0,Nifty PSU Bank
2020-03-05,1880.7,1936.0,1810.45,1891.9,239272426.0,48754500000.0,Nifty PSU Bank
2020-03-06,1774.95,1818.75,1738.55,1794.8,172414137.0,32638600000.0,Nifty PSU Bank
2020-03-09,1735.9,1745.5,1676.65,1688.35,172750864.0,30322399999.999996,Nifty PSU Bank
2020-03-11,1690.45,1720.0,1621.4,1635.95,169700523.0,27404500000.0,Nifty PSU Bank
2020-03-12,1529.8,1534.9,1411.65,1420.65,211498344.0,27662500000.0,Nifty PSU Bank
2020-03-13,1303.05,1591.35,1218.3,1573.25,288772947.0,42115200000.00001,Nifty PSU Bank
2020-03-16,1499.3,1524.6,1468.35,1497.4,152009735.0,21168700000.0,Nifty PSU Bank
2020-03-17,1513.75,1564.65,1474.05,1490.35,147376184.0,19212500000.0,Nifty PSU Bank
2020-03-18,1516.25,1527.4,1419.35,1480.5,197733388.0,26222300000.0,Nifty PSU Bank
2020-03-19,1404.95,1538.1,1382.55,1438.85,201549767.0,25397800000.000004,Nifty PSU Bank
2020-03-20,1452.6,1514.05,1434.75,1463.45,177163535.0,21849100000.0,Nifty PSU Bank
2020-03-23,1349.85,1379.1,1270.95,1277.75,113161952.0,13885400000.0,Nifty PSU Bank
2020-03-24,1326.6,1342.8,1243.7,1305.35,133761216.0,15544700000.0,Nifty PSU Bank
2020-03-25,1271.3,1361.1,1254.85,1327.55,136462943.0,16337200000.0,Nifty PSU Bank
2020-03-26,1342.1,1398.9,1305.0,1335.15,188318325.0,24670600000.0,Nifty PSU Bank
2020-03-27,1387.55,1449.05,1333.65,1339.65,211286062.0,27920900000.0,Nifty PSU Bank
2020-03-30,1314.2,1329.3,1284.75,1295.45,108188291.0,13667900000.0,Nifty PSU Bank
2020-03-31,1330.15,1340.1,1294.85,1324.85,113894275.0,14035400000.0,Nifty PSU Bank
2020-04-01,1328.0,1331.2,1273.95,1283.1,108924156.0,12371800000.0,Nifty PSU Bank
2020-04-03,1285.0,1288.9,1228.8,1232.3,118542709.0,13769000000.0,Nifty PSU Bank
2020-04-07,1275.6,1278.55,1238.1,1261.85,135247304.0,15851099999.999998,Nifty PSU Bank
2020-04-08,1250.4,1325.15,1238.3,1261.25,155444632.0,18248100000.0,Nifty PSU Bank
2020-04-09,1282.3,1316.55,1270.6,1302.35,134404418.0,15021199999.999998,Nifty PSU Bank
2020-04-13,1303.0,1306.85,1263.0,1276.95,96688757.0,11586800000.0,Nifty PSU Bank
2020-04-15,1288.7,1322.25,1257.95,1270.85,136638746.0,16465600000.0,Nifty PSU Bank
2020-04-16,1272.45,1294.85,1256.95,1289.0,121493813.0,14106800000.0,Nifty PSU Bank
2020-04-17,1333.9,1346.55,1284.5,1315.2,185888629.0,21669800000.0,Nifty PSU Bank
2020-04-20,1335.65,1395.05,1311.1,1370.15,248216953.0,23419600000.0,Nifty PSU Bank
2020-04-21,1351.0,1351.0,1309.9,1317.2,148418965.0,13675700000.0,Nifty PSU Bank
2020-04-22,1315.65,1319.9,1282.1,1315.9,151278153.0,15510800000.0,Nifty PSU Bank
2020-04-23,1320.4,1332.2,1305.0,1311.15,110322241.0,12099900000.0,Nifty PSU Bank
2020-04-24,1292.05,1296.35,1260.95,1262.6,120927354.0,14150100000.0,Nifty PSU Bank
2020-04-27,1280.25,1288.25,1265.7,1267.7,95141993.0,9957000000.0,Nifty PSU Bank
2020-04-28,1276.1,1290.3,1267.9,1283.6,109421972.0,11818800000.000002,Nifty PSU Bank
2020-04-29,1290.9,1323.5,1282.85,1315.6,136976534.0,14504000000.0,Nifty PSU Bank
2020-04-30,1338.05,1364.6,1321.05,1326.05,174611287.0,17289400000.0,Nifty PSU Bank
2020-05-04,1287.05,1287.05,1241.2,1246.2,,,Nifty PSU Bank
2020-05-05,1262.5,1265.7,1203.45,1205.35,161093513.0,18887900000.0,Nifty PSU Bank
2020-05-06,1210.45,1213.25,1174.75,1194.75,147534969.0,15513400000.0,Nifty PSU Bank
2020-05-07,1190.2,1215.5,1181.25,1195.4,93112395.0,9257600000.0,Nifty PSU Bank
2020-05-08,1207.65,1214.05,1169.4,1171.9,106636269.0,11531099999.999998,Nifty PSU Bank
2020-05-11,1182.4,1185.85,1159.9,1164.55,107457690.0,11174600000.0,Nifty PSU Bank
2020-05-12,1156.2,1176.3,1131.35,1166.8,137735013.0,14153000000.0,Nifty PSU Bank
2020-05-13,1238.35,1246.55,1196.8,1238.05,222468813.0,20381800000.0,Nifty PSU Bank
2020-05-14,1221.45,1236.85,1202.9,1205.9,121895775.0,11457500000.0,Nifty PSU Bank
2020-05-15,1206.6,1209.9,1183.55,1186.1,97413206.0,8536600000.0,Nifty PSU Bank
2020-05-18,1187.15,1187.35,1108.75,1116.05,167225078.0,15720300000.0,Nifty PSU Bank
2020-01-27,8243.35,8347.9,8189.0,8258.15,57326339.0,21553500000.0,Nifty Auto
2020-01-28,8290.1,8340.45,8125.9,8156.05,75179867.0,30857399999.999996,Nifty Auto
2020-01-29,8200.7,8264.6,8179.25,8220.4,81946729.0,31399100000.0,Nifty Auto
2020-01-30,8239.65,8267.55,8148.2,8181.45,103601158.0,36375700000.0,Nifty Auto
2020-01-31,8211.6,8238.75,8072.95,8086.55,125866539.0,35416400000.0,Nifty Auto
2020-02-01,8069.75,8200.25,7833.1,7880.3,82194325.0,30339000000.0,Nifty Auto
2020-02-03,7826.0,8016.8,7816.35,7988.35,124213082.0,37277900000.0,Nifty Auto
2020-02-04,8026.6,8142.1,7997.85,8100.8,101430536.0,35760200000.0,Nifty Auto
2020-02-05,8138.3,8212.2,8064.7,8131.7,165901552.0,46252800000.0,Nifty Auto
2020-02-06,8158.8,8189.2,8092.55,8142.15,113488793.0,39962900000.0,Nifty Auto
2020-02-07,8172.35,8173.6,8042.2,8064.6,96990047.0,33393800000.0,Nifty Auto
2020-02-10,8065.4,8067.35,7820.3,7860.55,120638033.0,36975700000.0,Nifty Auto
2020-02-11,7923.0,7969.3,7881.35,7892.4,84781272.0,27197100000.0,Nifty Auto
2020-02-12,7932.3,7961.1,7905.75,7933.8,71096518.0,22950500000.0,Nifty Auto
2020-02-13,7930.25,7933.4,7873.75,7914.9,87754381.0,22151900000.0,Nifty Auto
2020-02-14,7933.6,7977.15,7807.3,7822.2,95722834.0,28732600000.000004,Nifty Auto
2020-02-17,7833.15,7833.6,7742.45,7770.5,67993839.0,19864800000.0,Nifty Auto
2020-02-18,7758.0,7758.0,7620.5,7692.3,94588508.0,28021300000.0,Nifty Auto
2020-02-19,7754.35,7769.4,7606.25,7687.35,115975048.0,30419500000.0,Nifty Auto
2020-02-20,7687.5,7756.35,7667.85,7697.9,104257555.0,26235400000.0,Nifty Auto
2020-02-24,7644.05,7644.05,7414.0,7429.1,89107742.0,27198000000.0,Nifty Auto
2020-02-25,7452.75,7485.15,7339.9,7366.0,128000336.0,34312500000.0,Nifty Auto
2020-02-26,7306.3,7328.2,7178.5,7207.95,116463070.0,34743800000.0,Nifty Auto
2020-02-27,7200.15,7202.05,7090.45,7178.85,120786335.0,36288500000.0,Nifty Auto
2020-02-28,7008.1,7017.6,6883.35,6903.95,185874149.0,48663500000.0,Nifty Auto
2020-03-02,6993.2,7047.6,6813.2,6856.9,205715986.0,49029799999.99999,Nifty Auto
2020-03-03,6889.45,7022.25,6846.7,6986.65,144602750.0,38537500000.0,Nifty Auto
2020-03-04,6990.85,7019.55,6775.8,6938.85,174403462.0,42030800000.0,Nifty Auto
2020-03-05,6966.3,7013.65,6892.75,6953.75,163392161.0,32247100000.0,Nifty Auto
2020-03-06,6712.2,6918.85,6661.95,6895.0,130898149.0,30563300000.0,Nifty Auto
2020-03-09,6703.45,6758.7,6498.8,6632.15,133699193.0,30749800000.0,Nifty Auto
2020-03-11,6614.15,6714.75,6539.75,6568.45,172323537.0,36537000000.0,Nifty Auto
2020-03-12,6299.9,6299.9,5953.2,6033.4,282205921.0,50446000000.0,Nifty Auto
2020-03-13,5641.55,6292.85,5265.8,6182.0,203336978.0,38017400000.0,Nifty Auto
2020-03-16,5970.15,6041.35,5826.1,5843.7,140253925.0,25921500000.0,Nifty Auto
2020-03-17,5858.3,6020.7,5767.5,5803.85,126029595.0,26748000000.0,Nifty Auto
2020-03-18,5873.1,5896.85,5491.0,5516.5,125615136.0,24294400000.0,Nifty Auto
2020-03-19,5217.95,5429.5,5042.9,5180.5,202740130.0,37538100000.0,Nifty Auto
2020-03-20,5230.2,5423.2,5154.1,5370.15,229830607.0,34713200000.0,Nifty Auto
2020-03-23,4908.15,5013.85,4593.05,4626.5,120637088.0,21296700000.0,Nifty Auto
2020-03-24,4726.4,4850.85,4452.2,4693.35,146706064.0,26048300000.0,Nifty Auto
2020-03-25,4600.05,5001.9,4577.15,4936.15,147442630.0,24442900000.0,Nifty Auto
2020-03-26,4981.9,5163.7,4847.15,5061.3,208806955.0,30658300000.0,Nifty Auto
2020-03-27,5245.6,5284.75,4866.05,4938.7,175519110.0,27821100000.0,Nifty Auto
2020-03-30,4834.15,4848.0,4625.5,4669.15,95603443.0,23367000000.0,Nifty Auto
2020-03-31,4787.8,4794.3,4630.2,4731.3,111576333.0,26356900000.0,Nifty Auto
2020-04-01,4708.95,4803.55,4612.7,4657.55,108107529.0,22649100000.0,Nifty Auto
2020-04-03,4652.75,4659.8,4511.1,4517.75,104162675.0,23760000000.0,Nifty Auto
2020-04-07,4665.1,4970.85,4656.5,4951.55,140084138.0,33580700000.0,Nifty Auto
2020-04-08,4833.0,5257.0,4830.4,5043.6,219644053.0,39735500000.0,Nifty Auto
2020-04-09,5160.85,5607.35,5146.4,5568.45,226178245.0,55294900000.0,Nifty Auto
2020-04-13,5554.4,5554.4,5308.85,5432.1,153555220.0,32075500000.0,Nifty Auto
2020-04-15,5495.55,5592.8,5314.25,5333.0,221470743.0,41419799999.99999,Nifty Auto
2020-04-16,5271.25,5420.4,5235.65,5394.15,168466689.0,34536800000.0,Nifty Auto
2020-04-17,5586.4,5702.65,5507.75,5668.9,196606439.0,46640100000.0,Nifty Auto
2020-04-20,5724.9,5728.45,5565.95,5591.0,228792177.0,41187800000.0,Nifty Auto
2020-04-21,5447.9,5447.9,5268.15,5294.05,146929307.0,31174400000.0,Nifty Auto
2020-04-22,5267.8,5468.25,5243.6,5426.85,144746153.0,37584200000.0,Nifty Auto
2020-04-23,5439.1,5518.7,5390.95,5464.75,109244052.0,28887700000.0,Nifty Auto
2020-04-24,5405.9,5462.5,5362.85,5377.25,88175839.0,23000200000.0,Nifty Auto
2020-04-27,5458.65,5528.8,5405.7,5433.2,106148950.0,26288500000.0,Nifty Auto
2020-04-28,5476.85,5524.05,5399.3,5447.1,99044323.0,22681500000.0,Nifty Auto
2020-04-29,5492.0,5568.0,5461.05,5543.75,200005473.0,32371600000.0,Nifty Auto
2020-04-30,5667.35,5926.5,5660.55,5901.4,337079062.0,62630700000.0,Nifty Auto
2020-05-04,5647.85,5652.8,5436.05,5476.2,,,Nifty Auto
2020-05-05,5582.15,5602.1,5442.75,5451.9,161356727.0,33111000000.0,Nifty Auto
2020-05-06,5471.6,5593.3,5351.2,5552.4,142224254.0,34617700000.0,Nifty Auto
2020-05-07,5549.95,5616.4,5505.45,5519.0,101010878.0,26427000000.0,Nifty Auto
2020-05-08,5622.7,5623.75,5424.8,5447.75,120922862.0,29083200000.0,Nifty Auto
2020-05-11,5517.6,5789.7,5514.4,5679.7,301862752.0,62026899999.99999,Nifty Auto
2020-05-12,5653.6,5735.65,5502.8,5708.95,164451576.0,44763900000.0,Nifty Auto
2020-05-13,6014.2,6033.95,5815.5,5844.6,179261745.0,51723200000.0,Nifty Auto
2020-05-14,5698.55,5865.95,5668.4,5804.05,109783296.0,35502200000.0,Nifty Auto
2020-05-15,5823.3,5827.15,5680.25,5745.7,124232994.0,36899300000.0,Nifty Auto
2020-05-18,5747.5,5752.15,5411.95,5430.05,142416404.0,41701600000.0,Nifty Auto
2020-01-27,2766.7,2767.65,2698.5,2709.75,123485073.0,23085500000.0,Nifty Metal
2020-01-28,2705.75,2706.95,2625.2,2642.25,132512577.0,23744400000.0,Nifty Metal
2020-01-29,2673.1,2700.4,2662.35,2665.85,110717373.0,19104800000.0,Nifty Metal
2020-01-30,2667.4,2669.55,2621.05,2628.9,126951289.0,22362199999.999996,Nifty Metal
2020-01-31,2642.25,2645.7,2559.85,2569.0,137534113.0,22001600000.0,Nifty Metal
2020-02-01,2557.4,2575.9,2460.0,2480.55,116428570.0,19419300000.0,Nifty Metal
2020-02-03,2475.45,2522.7,2458.45,2510.95,131170680.0,21522700000.0,Nifty Metal
2020-02-04,2537.6,2598.85,2523.7,2594.25,112808619.0,19642800000.0,Nifty Metal
2020-02-05,2605.7,2677.8,2585.8,2665.4,127180315.0,21939200000.0,Nifty Metal
2020-02-06,2684.75,2708.65,2662.75,2688.75,133425015.0,24489300000.0,Nifty Metal
2020-02-07,2684.2,2715.85,2660.8,2710.8,114189552.0,20863400000.0,Nifty Metal
2020-02-10,2687.65,2692.85,2616.75,2628.9,133847259.0,25972300000.0,Nifty Metal
2020-02-11,2650.85,2683.1,2648.2,2651.75,137925323.0,23834400000.0,Nifty Metal
2020-02-12,2669.0,2691.05,2653.05,2668.25,109788845.0,18973800000.0,Nifty Metal
2020-02-13,2671.4,2674.85,2635.1,2651.6,85232381.0,14767200000.0,Nifty Metal
2020-02-14,2649.5,2663.25,2608.85,2613.6,89067532.0,15307800000.0,Nifty Metal
2020-02-17,2614.35,2622.35,2581.75,2586.7,104089806.0,15686400000.000002,Nifty Metal
2020-02-18,2572.4,2573.3,2514.0,2556.05,127284914.0,20049500000.0,Nifty Metal
2020-02-19,2588.3,2606.8,2569.6,2591.05,102756753.0,15534400000.0,Nifty Metal
2020-02-20,2582.95,2627.25,2568.25,2612.25,114333180.0,19162200000.0,Nifty Metal
2020-02-24,2578.8,2578.8,2463.25,2469.6,134909623.0,23511700000.0,Nifty Metal
2020-02-25,2495.25,2510.75,2462.05,2470.35,117122552.0,20405400000.0,Nifty Metal
2020-02-26,2431.6,2456.55,2416.4,2430.0,123856240.0,21212800000.000004,Nifty Metal
2020-02-27,2424.2,2425.3,2367.8,2410.05,117509544.0,17996600000.0,Nifty Metal
2020-02-28,2333.2,2335.05,2230.6,2246.05,203174565.0,30122300000.0,Nifty Metal
2020-03-02,2307.6,2326.55,2169.05,2197.6,161174340.0,24410100000.000004,Nifty Metal
2020-03-03,2238.95,2339.45,2238.05,2320.75,175329617.0,26847900000.0,Nifty Metal
2020-03-04,2321.95,2323.95,2247.25,2304.3,177381029.0,25924600000.0,Nifty Metal
2020-03-05,2327.65,2351.45,2278.0,2284.85,146859224.0,20318600000.0,Nifty Metal
2020-03-06,2171.05,2201.65,2133.8,2183.9,117204890.0,16717600000.0,Nifty Metal
2020-03-09,2101.95,2107.95,2004.0,2020.05,186736947.0,23980000000.0,Nifty Metal
2020-03-11,2010.3,2032.95,1968.35,1986.95,204547100.0,27156600000.0,Nifty Metal
2020-03-12,1869.8,1875.6,1768.25,1800.6,250273602.0,31371400000.0,Nifty Metal
2020-03-13,1677.65,1922.9,1546.15,1903.35,279252967.0,31946600000.0,Nifty Metal
2020-03-16,1807.6,1852.45,1722.5,1730.6,193262175.0,23066400000.0,Nifty Metal
2020-03-17,1757.65,1816.0,1699.85,1710.45,187154130.0,20280000000.0,Nifty Metal
2020-03-18,1761.6,1763.1,1640.15,1664.2,207200136.0,20842399999.999996,Nifty Metal
2020-03-19,1584.0,1649.7,1558.05,1574.2,190771195.0,18671800000.0,Nifty Metal
2020-03-20,1605.05,1714.9,1582.4,1692.85,191057441.0,18604100000.0,Nifty Metal
2020-03-23,1538.25,1587.45,1480.7,1496.45,109383947.0,11153900000.000002,Nifty Metal
2020-03-24,1539.5,1579.7,1485.2,1502.4,136431730.0,11627500000.0,Nifty Metal
2020-03-25,1485.25,1557.05,1483.8,1541.2,113944103.0,9458900000.0,Nifty Metal
2020-03-26,1561.6,1596.3,1523.85,1542.95,158858121.0,14281900000.0,Nifty Metal
2020-03-27,1580.7,1606.75,1528.55,1554.85,138629039.0,12364000000.0,Nifty Metal
2020-03-30,1506.4,1527.6,1483.5,1507.7,113197414.0,11703900000.000002,Nifty Metal
2020-03-31,1544.5,1601.0,1539.25,1585.9,185188259.0,15664500000.0,Nifty Metal
2020-04-01,1575.75,1578.4,1535.25,1553.55,139382093.0,12255100000.0,Nifty Metal
2020-04-03,1563.55,1568.75,1496.65,1522.9,149271522.0,13727700000.0,Nifty Metal
2020-04-07,1579.7,1648.5,1559.15,1637.0,221845744.0,19609500000.0,Nifty Metal
2020-04-08,1613.4,1726.4,1597.05,1624.85,254788623.0,23207900000.0,Nifty Metal
2020-04-09,1665.3,1709.55,1660.1,1705.45,171463356.0,16879000000.0,Nifty Metal
2020-04-13,1714.5,1745.2,1659.95,1738.4,174048377.0,17850600000.0,Nifty Metal
2020-04-15,1771.2,1814.45,1735.3,1752.9,218389670.0,24606300000.0,Nifty Metal
2020-04-16,1738.55,1798.75,1724.35,1779.75,164419124.0,18178600000.0,Nifty Metal
2020-04-17,1837.2,1842.15,1784.05,1816.5,149469809.0,16114100000.0,Nifty Metal
2020-04-20,1842.4,1842.9,1750.25,1756.45,152206988.0,15514000000.0,Nifty Metal
2020-04-21,1712.6,1714.5,1649.25,1666.6,174668213.0,17348500000.0,Nifty Metal
2020-04-22,1651.75,1680.2,1616.65,1673.3,138323328.0,13513599999.999998,Nifty Metal
2020-04-23,1685.55,1725.5,1679.95,1694.75,132411436.0,14051900000.0,Nifty Metal
2020-04-24,1680.45,1709.6,1641.45,1645.2,197401203.0,16375400000.0,Nifty Metal
2020-04-27,1672.6,1687.45,1664.1,1666.6,111601513.0,11589100000.0,Nifty Metal
2020-04-28,1678.3,1685.95,1653.8,1661.65,112137492.0,11075400000.0,Nifty Metal
2020-04-29,1666.35,1730.8,1662.2,1723.8,190737433.0,19302000000.0,Nifty Metal
2020-04-30,1763.5,1871.95,1761.05,1859.9,254541594.0,28669600000.0,Nifty Metal
2020-05-04,1769.25,1772.3,1704.55,1713.8,,,Nifty Metal
2020-05-05,1748.8,1755.5,1685.45,1693.65,145812363.0,15493599999.999998,Nifty Metal
2020-05-06,1707.8,1719.8,1681.0,1697.95,113508461.0,12123500000.0,Nifty Metal
2020-05-07,1676.35,1717.65,1672.05,1695.55,102660412.0,11771199999.999998,Nifty Metal
2020-05-08,1734.85,1737.0,1671.0,1676.55,101840611.0,11610100000.0,Nifty Metal
2020-05-11,1695.3,1720.1,1688.3,1697.9,106473542.0,11881800000.0,Nifty Metal
2020-05-12,1687.2,1727.3,1657.4,1717.55,210393978.0,21108300000.0,Nifty Metal
2020-05-13,1812.2,1813.55,1750.8,1760.6,282829818.0,28430900000.0,Nifty Metal
2020-05-14,1732.15,1753.25,1710.3,1715.05,116071601.0,12285300000.0,Nifty Metal
2020-05-15,1728.8,1763.85,1714.15,1742.6,206532996.0,20077000000.0,Nifty Metal
2020-05-18,1746.2,1746.4,1667.8,1673.5,216301436.0,21795800000.0,Nifty Metal
2020-01-27,1886.5,1904.45,1875.85,1882.45,37106825.0,4521500000.0,Nifty Media
2020-01-28,1884.1,1893.9,1854.35,1861.0,96934518.0,4718300000.0,Nifty Media
2020-01-29,1870.0,1880.7,1859.75,1868.05,70384163.0,4012799999.9999995,Nifty Media
2020-01-30,1868.2,1870.65,1839.4,1845.0,72330448.0,4484100000.0,Nifty Media
2020-01-31,1853.2,1861.15,1824.25,1835.3,25330344.0,3502799999.9999995,Nifty Media
2020-02-01,1828.55,1828.55,1750.35,1755.9,19208824.0,3060299999.9999995,Nifty Media
2020-02-03,1760.55,1787.85,1757.05,1779.2,30673369.0,4669900000.0,Nifty Media
2020-02-04,1792.95,1827.3,1768.55,1782.2,41633234.0,7805900000.0,Nifty Media
2020-02-05,1794.85,1797.85,1745.2,1764.7,71055347.0,14077200000.0,Nifty Media
2020-02-06,1774.75,1798.15,1771.25,1792.35,52879391.0,10108900000.0,Nifty Media
2020-02-07,1794.4,1829.9,1794.4,1827.25,43154234.0,8825600000.0,Nifty Media
2020-02-10,1822.1,1833.55,1793.6,1798.1,34050725.0,6526200000.0,Nifty Media
2020-02-11,1809.25,1843.55,1799.4,1827.45,40947751.0,8911100000.0,Nifty Media
2020-02-12,1836.65,1845.15,1817.35,1824.2,22955421.0,4521500000.0,Nifty Media
2020-02-13,1830.95,1841.05,1817.75,1834.85,38464237.0,7233600000.0,Nifty Media
2020-02-14,1843.75,1850.15,1824.65,1832.5,23680125.0,4945100000.0,Nifty Media
2020-02-17,1836.45,1840.8,1797.8,1812.25,26543351.0,6244500000.0,Nifty Media
2020-02-18,1840.2,1851.15,1820.55,1845.9,61684696.0,5764700000.0,Nifty Media
2020-02-19,1857.5,1887.85,1854.05,1882.0,36480188.0,5801200000.0,Nifty Media
2020-02-20,1882.95,1906.1,1866.75,1871.7,36371863.0,5140400000.0,Nifty Media
2020-02-24,1862.55,1863.1,1825.35,1829.6,19432009.0,3597900000.0,Nifty Media
2020-02-25,1836.8,1859.0,1811.55,1817.25,20416442.0,3268600000.0,Nifty Media
2020-02-26,1805.1,1818.2,1791.35,1803.9,25531873.0,4299200000.0,Nifty Media
2020-02-27,1807.85,1810.4,1750.75,1760.55,19913952.0,4587200000.0,Nifty Media
2020-02-28,1714.5,1721.5,1662.3,1670.7,35034745.0,5906900000.000001,Nifty Media
2020-03-02,1700.25,1725.15,1580.3,1594.7,24160752.0,5634400000.000001,Nifty Media
2020-03-03,1611.05,1661.6,1604.65,1647.65,33980314.0,10675200000.0,Nifty Media
2020-03-04,1649.4,1652.2,1577.35,1617.65,33954288.0,8980200000.0,Nifty Media
2020-03-05,1628.45,1640.05,1578.75,1606.3,41492508.0,7915900000.0,Nifty Media
2020-03-06,1538.25,1547.7,1518.2,1527.15,26892470.0,5052700000.0,Nifty Media
2020-03-09,1490.1,1493.7,1402.8,1425.6,37006150.0,7260000000.0,Nifty Media
2020-03-11,1415.25,1463.05,1405.7,1454.3,46231804.0,9386700000.0,Nifty Media
2020-03-12,1358.05,1383.85,1296.95,1304.15,29656900.0,6226799999.999999,Nifty Media
2020-03-13,1184.45,1326.65,1139.25,1282.35,43149497.0,5915800000.0,Nifty Media
2020-03-16,1214.45,1263.9,1167.15,1226.05,29961380.0,7473000000.0,Nifty Media
2020-03-17,1201.35,1218.75,1146.9,1153.15,54421965.0,10802200000.0,Nifty Media
2020-03-18,1156.15,1182.85,1103.05,1141.0,54839737.0,9297700000.0,Nifty Media
2020-03-19,1072.7,1122.15,1058.6,1086.9,30435927.0,6182200000.0,Nifty Media
2020-03-20,1087.9,1146.6,1087.9,1128.95,37450899.0,5485400000.0,Nifty Media
2020-03-23,1038.45,1088.0,1001.35,1015.4,16780168.0,3735800000.0,Nifty Media
2020-03-24,1030.35,1050.5,979.05,1031.7,28502138.0,4693400000.0,Nifty Media
2020-03-25,1013.25,1066.85,989.85,1055.45,21556522.0,3615400000.0,Nifty Media
2020-03-26,1065.7,1114.05,1048.3,1067.5,24239092.0,3903800000.0,Nifty Media
2020-03-27,1086.2,1120.05,1049.55,1055.4,23005921.0,3287200000.0000005,Nifty Media
2020-03-30,1030.7,1057.5,1015.6,1021.85,17506841.0,2489600000.0,Nifty Media
2020-03-31,1040.95,1047.2,1023.2,1039.95,20512653.0,2391500000.0,Nifty Media
2020-04-01,1045.1,1047.2,995.15,1001.25,17696506.0,3036700000.0,Nifty Media
2020-04-03,1011.3,1015.7,972.95,987.2,20483538.0,3446100000.0,Nifty Media
2020-04-07,1024.25,1050.05,1000.05,1045.5,21378322.0,4414100000.0,Nifty Media
2020-04-08,1033.15,1096.9,1026.2,1064.25,24611378.0,4974600000.0,Nifty Media
2020-04-09,1086.85,1114.65,1077.7,1105.45,19408984.0,4640700000.0,Nifty Media
2020-04-13,1096.2,1102.85,1040.15,1068.55,45996546.0,6601300000.0,Nifty Media
2020-04-15,1082.55,1094.25,1057.25,1078.6,47550647.0,7217000000.0,Nifty Media
2020-04-16,1068.9,1113.8,1064.2,1106.95,42546007.0,6880100000.0,Nifty Media
2020-04-17,1136.45,1154.15,1122.15,1144.4,31991642.0,5770000000.0,Nifty Media
2020-04-20,1162.3,1165.25,1127.95,1137.95,40289121.0,6598700000.0,Nifty Media
2020-04-21,1107.55,1113.7,1067.65,1079.2,35036087.0,5203800000.0,Nifty Media
2020-04-22,1093.25,1159.0,1081.6,1151.0,77712259.0,9857000000.0,Nifty Media
2020-04-23,1179.15,1202.25,1156.85,1163.8,119480613.0,15198300000.0,Nifty Media
2020-04-24,1153.9,1156.8,1117.9,1121.7,54324553.0,7007900000.0,Nifty Media
2020-04-27,1146.95,1151.0,1118.25,1129.1,30420108.0,5936700000.0,Nifty Media
2020-04-28,1137.8,1145.2,1128.55,1134.9,24944589.0,4222900000.0,Nifty Media
2020-04-29,1146.55,1179.3,1137.1,1165.95,42193340.0,8066799999.999999,Nifty Media
2020-04-30,1185.15,1190.0,1155.1,1159.75,31930353.0,5354200000.0,Nifty Media
2020-05-04,1126.25,1130.5,1099.55,1108.55,,,Nifty Media
2020-05-05,1125.55,1134.5,1095.45,1097.25,32329585.0,6692100000.0,Nifty Media
2020-05-06,1109.0,1110.55,1082.85,1097.5,24694517.0,5077200000.0,Nifty Media
2020-05-07,1092.2,1112.5,1088.2,1097.9,17873601.0,4933600000.0,Nifty Media
2020-05-08,1122.3,1141.75,1100.1,1105.1,54132254.0,9485400000.0,Nifty Media
2020-05-11,1123.1,1143.6,1121.75,1134.95,49434087.0,7521400000.0,Nifty Media
2020-05-12,1135.75,1161.55,1106.25,1154.25,49847206.0,5903000000.0,Nifty Media
2020-05-13,1193.2,1193.6,1147.6,1171.1,48929623.0,8577500000.0,Nifty Media
2020-05-14,1160.15,1166.6,1136.8,1158.4,43340661.0,7161600000.0,Nifty Media
2020-05-15,1155.25,1156.95,1133.8,1137.35,42069132.0,9021400000.0,Nifty Media
2020-05-18,1133.85,1135.65,1053.25,1060.35,49470394.0,9469800000.0,Nifty Media
2020-01-27,14355.15,14400.1,14213.05,14234.7,139653597.0,76559100000.0,NIFTY FIN SERVICE
2020-01-28,14278.65,14394.35,14227.85,14273.1,125482695.0,75901300000.0,NIFTY FIN SERVICE
2020-01-29,14340.85,14409.8,14308.0,14346.8,123527676.0,84174500000.0,NIFTY FIN SERVICE
2020-01-30,14382.95,14388.35,14247.95,14289.95,112416431.0,72468200000.0,NIFTY FIN SERVICE
2020-01-31,14389.2,14413.55,14270.25,14316.9,180552208.0,97754900000.0,NIFTY FIN SERVICE
2020-02-01,14272.3,14378.65,13724.75,13758.85,154966620.0,90207000000.0,NIFTY FIN SERVICE
2020-02-03,13719.65,13877.3,13647.6,13822.3,180774638.0,97234200000.0,NIFTY FIN SERVICE
2020-02-04,13908.0,14241.6,13902.85,14218.8,167458450.0,96867400000.0,NIFTY FIN SERVICE
2020-02-05,14245.4,14420.75,14178.3,14407.8,161147873.0,84546500000.0,NIFTY FIN SERVICE
2020-02-06,14427.3,14596.65,14373.25,14545.75,247942092.0,115555000000.0,NIFTY FIN SERVICE
2020-02-07,14551.7,14558.5,14466.4,14502.4,130194129.0,64509100000.0,NIFTY FIN SERVICE
2020-02-10,14514.75,14520.85,14414.25,14496.75,99115945.0,52070500000.0,NIFTY FIN SERVICE
2020-02-11,14564.1,14676.3,14562.5,14589.55,147951634.0,74399800000.0,NIFTY FIN SERVICE
2020-02-12,14668.8,14747.7,14632.55,14685.4,166566408.0,80970200000.0,NIFTY FIN SERVICE
2020-02-13,14698.1,14713.7,14539.4,14578.85,137552984.0,66280400000.0,NIFTY FIN SERVICE
2020-02-14,14596.15,14672.8,14434.0,14477.45,127052977.0,65738300000.0,NIFTY FIN SERVICE
2020-02-17,14491.0,14527.5,14350.2,14370.25,95723762.0,49599600000.0,NIFTY FIN SERVICE
2020-02-18,14356.3,14367.35,14214.05,14315.7,108150402.0,57500300000.0,NIFTY FIN SERVICE
2020-02-19,14456.65,14536.7,14374.1,14520.25,99514572.0,57103200000.0,NIFTY FIN SERVICE
2020-02-20,14511.05,14569.95,14438.45,14510.4,170935284.0,89056400000.0,NIFTY FIN SERVICE
2020-02-24,14398.3,14405.85,14215.0,14236.15,144900357.0,81194700000.0,NIFTY FIN SERVICE
2020-02-25,14282.1,14312.85,14202.8,14236.1,127886527.0,70599500000.0,NIFTY FIN SERVICE
2020-02-26,14156.75,14251.95,14072.45,14132.7,137970847.0,78881400000.0,NIFTY FIN SERVICE
2020-02-27,14113.25,14113.25,13953.5,14086.05,159372914.0,86614900000.0,NIFTY FIN SERVICE
2020-02-28,13778.35,13784.65,13520.35,13566.45,233891364.0,148642500000.0,NIFTY FIN SERVICE
2020-03-02,13824.5,13875.85,13374.25,13520.0,229845084.0,113977200000.0,NIFTY FIN SERVICE
2020-03-03,13595.55,13722.15,13478.05,13636.95,197749915.0,100438799999.99998,NIFTY FIN SERVICE
2020-03-04,13685.0,13695.7,13245.45,13439.5,210357904.0,114882700000.0,NIFTY FIN SERVICE
2020-03-05,13499.0,13607.7,13394.3,13472.75,272492672.0,122879300000.0,NIFTY FIN SERVICE
2020-03-06,13027.9,13174.6,12851.0,13082.5,251980382.0,123426900000.0,NIFTY FIN SERVICE
2020-03-09,12765.75,12780.85,12272.1,12522.2,263819199.0,130925200000.0,NIFTY FIN SERVICE
2020-03-11,12391.4,12692.7,12383.45,12560.45,252460586.0,121870800000.0,NIFTY FIN SERVICE
2020-03-12,12037.5,12054.45,11293.7,11454.8,331580667.0,166459100000.0,NIFTY FIN SERVICE
2020-03-13,10830.25,12332.0,10305.05,12101.6,412176509.0,202783500000.0,NIFTY FIN SERVICE
2020-03-16,11589.65,11600.75,11069.6,11123.4,223248967.0,117512200000.0,NIFTY FIN SERVICE
2020-03-17,11215.75,11248.0,10541.7,10613.6,241285462.0,112340300000.0,NIFTY FIN SERVICE
2020-03-18,10709.45,10753.4,9711.4,9800.3,346700911.0,156525400000.0,NIFTY FIN SERVICE
2020-03-19,9234.7,10081.6,8866.65,9598.35,372356304.0,161498100000.0,NIFTY FIN SERVICE
2020-03-20,9539.95,10113.3,9175.8,9871.95,454848867.0,177604400000.0,NIFTY FIN SERVICE
2020-03-23,8898.4,9210.2,8239.15,8298.5,273309987.0,108878600000.0,NIFTY FIN SERVICE
2020-03-24,8623.0,8746.7,7984.2,8418.7,303850237.0,127259100000.0,NIFTY FIN SERVICE
2020-03-25,8285.25,9247.85,8256.45,9203.3,294945987.0,124874500000.0,NIFTY FIN SERVICE
2020-03-26,9366.95,10073.85,9174.25,9698.55,394293210.0,163620400000.0,NIFTY FIN SERVICE
2020-03-27,10159.0,10428.6,9594.6,9754.3,405222974.0,177413900000.0,NIFTY FIN SERVICE
2020-03-30,9408.0,9528.55,8993.6,9030.65,254528339.0,116698700000.00002,NIFTY FIN SERVICE
2020-03-31,9327.75,9439.95,9106.2,9317.3,238862005.0,119094200000.0,NIFTY FIN SERVICE
2020-04-01,9293.9,9319.95,8889.25,8942.55,206865917.0,95134700000.0,NIFTY FIN SERVICE
2020-04-03,8986.6,8989.5,8521.15,8562.1,258150876.0,113271299999.99998,NIFTY FIN SERVICE
2020-04-07,9072.45,9328.95,8802.0,9278.3,319179446.0,149856600000.0,NIFTY FIN SERVICE
2020-04-08,9152.6,9814.3,9084.4,9243.45,347658511.0,155553000000.0,NIFTY FIN SERVICE
2020-04-09,9485.0,9836.35,9424.7,9803.0,267033096.0,127044100000.0,NIFTY FIN SERVICE
2020-04-13,9814.3,9842.35,9454.7,9500.65,209142336.0,100823300000.0,NIFTY FIN SERVICE
2020-04-15,9780.0,9780.1,9136.65,9239.35,294025414.0,140342900000.0,NIFTY FIN SERVICE
2020-04-16,9191.15,9466.15,9097.0,9392.6,312332970.0,133964300000.0,NIFTY FIN SERVICE
2020-04-17,9821.6,9972.2,9577.25,9905.55,411858140.0,171286800000.0,NIFTY FIN SERVICE
2020-04-20,10112.5,10142.0,9898.3,9930.65,341757931.0,148203100000.0,NIFTY FIN SERVICE
2020-04-21,9612.45,9643.3,9410.35,9468.8,247858144.0,106929900000.0,NIFTY FIN SERVICE
2020-04-22,9429.8,9607.05,9300.3,9569.2,265191133.0,115920700000.0,NIFTY FIN SERVICE
2020-04-23,9647.95,9851.5,9526.7,9808.95,229820943.0,109356200000.00002,NIFTY FIN SERVICE
2020-04-24,9522.6,9619.45,9413.95,9431.85,267032474.0,122040900000.0,NIFTY FIN SERVICE
2020-04-27,9569.1,9749.5,9557.8,9627.6,239744655.0,123872700000.0,NIFTY FIN SERVICE
2020-04-28,9766.45,9978.4,9696.1,9951.2,244696501.0,131292000000.0,NIFTY FIN SERVICE
2020-04-29,9919.4,10392.85,9900.5,10292.9,352449698.0,175368800000.0,NIFTY FIN SERVICE
2020-04-30,10504.1,10695.45,10476.0,10570.8,292221446.0,142202200000.0,NIFTY FIN SERVICE
2020-05-04,10120.65,10128.2,9627.1,9679.95,,,NIFTY FIN SERVICE
2020-05-05,9856.0,9912.35,9460.0,9483.15,302022710.0,130048300000.0,NIFTY FIN SERVICE
2020-05-06,9524.4,9806.95,9385.85,9727.0,325607262.0,145942500000.0,NIFTY FIN SERVICE
2020-05-07,9668.7,9737.85,9557.8,9575.75,206619838.0,90492700000.0,NIFTY FIN SERVICE
2020-05-08,9751.85,9775.8,9535.9,9559.35,230156348.0,93246299999.99998,NIFTY FIN SERVICE
2020-05-11,9684.0,9729.45,9362.65,9386.05,267408214.0,108301800000.0,NIFTY FIN SERVICE
2020-05-12,9271.6,9417.25,9052.75,9365.85,311078165.0,136107400000.0,NIFTY FIN SERVICE
2020-05-13,9867.85,9909.5,9604.9,9679.6,395195279.0,152920100000.0,NIFTY FIN SERVICE
2020-05-14,9499.85,9581.65,9337.2,9355.65,303269159.0,129502300000.0,NIFTY FIN SERVICE
2020-05-15,9386.35,9391.3,9195.3,9291.6,194006302.0,84288300000.0,NIFTY FIN SERVICE
2020-05-18,9275.4,9275.65,8654.0,8675.4,356525441.0,136540000000.0,NIFTY FIN SERVICE
2020-01-27,5153.9,5183.35,5131.35,5139.9,57291971.0,39464100000.0,NIFTY CONSUMPTION
2020-01-28,5151.7,5152.3,5075.6,5082.6,114332182.0,80256400000.0,NIFTY CONSUMPTION
2020-01-29,5104.95,5130.9,5102.8,5120.5,84200685.0,54999000000.0,NIFTY CONSUMPTION
2020-01-30,5124.0,5126.9,5061.85,5072.6,90778449.0,61469600000.0,NIFTY CONSUMPTION
2020-01-31,5098.2,5112.4,5055.0,5062.25,96087115.0,65260800000.0,NIFTY CONSUMPTION
2020-02-01,5061.55,5111.0,4953.85,4970.2,93558364.0,56221000000.0,NIFTY CONSUMPTION
2020-02-03,4958.95,5080.6,4956.8,5067.85,152659362.0,85987099999.99998,NIFTY CONSUMPTION
2020-02-04,5094.4,5148.9,5071.65,5139.7,134525966.0,85465200000.0,NIFTY CONSUMPTION
2020-02-05,5160.0,5170.4,5131.6,5155.5,154964250.0,83641400000.0,NIFTY CONSUMPTION
2020-02-06,5174.8,5192.6,5144.25,5158.7,122542328.0,74352900000.0,NIFTY CONSUMPTION
2020-02-07,5174.3,5186.15,5147.6,5160.7,100017059.0,65745400000.0,NIFTY CONSUMPTION
2020-02-10,5165.35,5168.25,5095.75,5108.7,77318011.0,55066600000.0,NIFTY CONSUMPTION
2020-02-11,5146.2,5153.4,5100.0,5106.4,91328881.0,53378700000.0,NIFTY CONSUMPTION
2020-02-12,5123.5,5183.65,5119.8,5166.95,66173767.0,59662299999.99999,NIFTY CONSUMPTION
2020-02-13,5166.55,5177.05,5146.4,5172.5,78193994.0,57751500000.0,NIFTY CONSUMPTION
2020-02-14,5176.25,5197.05,5136.05,5149.7,97860272.0,77379500000.0,NIFTY CONSUMPTION
2020-02-17,5150.55,5163.8,5123.45,5132.3,80981701.0,55540200000.00001,NIFTY CONSUMPTION
2020-02-18,5127.75,5127.75,5057.8,5101.55,91318696.0,59465400000.0,NIFTY CONSUMPTION
2020-02-19,5131.0,5163.7,5110.4,5156.65,81888699.0,57863500000.0,NIFTY CONSUMPTION
2020-02-20,5157.35,5178.05,5132.65,5138.7,94917617.0,53145500000.0,NIFTY CONSUMPTION
2020-02-24,5118.25,5118.25,5024.75,5032.35,74900819.0,48706100000.0,NIFTY CONSUMPTION
2020-02-25,5057.7,5089.4,5015.55,5022.5,80628736.0,57667200000.0,NIFTY CONSUMPTION
2020-02-26,5007.9,5024.35,4971.25,4984.75,104314810.0,67028100000.00001,NIFTY CONSUMPTION
2020-02-27,4985.8,4985.8,4933.1,4979.65,93780333.0,63449300000.0,NIFTY CONSUMPTION
2020-02-28,4891.15,4903.25,4836.15,4867.2,143753750.0,89988799999.99998,NIFTY CONSUMPTION
2020-03-02,4925.2,4960.6,4789.7,4826.75,114743638.0,72435500000.0,NIFTY CONSUMPTION
2020-03-03,4849.95,4902.9,4813.4,4877.95,103299664.0,66541200000.0,NIFTY CONSUMPTION
2020-03-04,4899.35,4915.25,4798.75,4871.65,113901657.0,71531500000.0,NIFTY CONSUMPTION
2020-03-05,4892.45,4937.5,4884.95,4911.25,97196267.0,55135600000.00001,NIFTY CONSUMPTION
2020-03-06,4791.1,4858.75,4773.55,4841.9,95943281.0,57162800000.0,NIFTY CONSUMPTION
2020-03-09,4762.95,4778.85,4631.15,4679.35,111666246.0,65837900000.0,NIFTY CONSUMPTION
2020-03-11,4643.95,4722.4,4637.65,4675.1,131336591.0,69976600000.0,NIFTY CONSUMPTION
2020-03-12,4527.6,4529.35,4317.85,4368.15,208417964.0,92163500000.0,NIFTY CONSUMPTION
2020-03-13,4169.35,4515.95,3910.15,4412.1,196298972.0,88670700000.0,NIFTY CONSUMPTION
2020-03-16,4291.6,4314.5,4135.7,4159.7,117174777.0,62043100000.00001,NIFTY CONSUMPTION
2020-03-17,4167.7,4290.9,4123.5,4157.25,154673781.0,69114500000.0,NIFTY CONSUMPTION
2020-03-18,4207.35,4229.45,3957.3,3974.4,182452139.0,78311100000.0,NIFTY CONSUMPTION
2020-03-19,3826.35,3987.3,3703.35,3886.6,205607318.0,92059800000.0,NIFTY CONSUMPTION
2020-03-20,3911.05,4146.2,3910.65,4112.3,169214686.0,80403800000.0,NIFTY CONSUMPTION
2020-03-23,3767.65,3850.95,3631.85,3645.4,124566443.0,56265900000.0,NIFTY CONSUMPTION
2020-03-24,3743.9,3818.35,3614.85,3707.6,148096535.0,74434600000.0,NIFTY CONSUMPTION
2020-03-25,3662.8,3875.7,3654.05,3849.95,154465707.0,70285100000.0,NIFTY CONSUMPTION
2020-03-26,3887.25,4070.25,3819.05,4028.0,169035978.0,81454000000.0,NIFTY CONSUMPTION
2020-03-27,4135.15,4139.65,3932.05,3986.8,124239970.0,66364100000.0,NIFTY CONSUMPTION
2020-03-30,3905.1,3992.4,3874.35,3924.05,99328547.0,52495400000.0,NIFTY CONSUMPTION
2020-03-31,4018.75,4092.25,3947.8,4076.0,121356277.0,65425800000.0,NIFTY CONSUMPTION
2020-04-01,4072.65,4082.7,3927.9,3956.4,84321360.0,49988000000.0,NIFTY CONSUMPTION
2020-04-03,3996.85,3996.85,3899.6,3920.15,149712034.0,71798700000.0,NIFTY CONSUMPTION
2020-04-07,4045.0,4276.55,4039.25,4262.85,145564716.0,90509300000.0,NIFTY CONSUMPTION
2020-04-08,4233.1,4437.35,4217.45,4286.45,147800997.0,99261400000.0,NIFTY CONSUMPTION
2020-04-09,4382.75,4473.1,4356.4,4459.95,141255522.0,96139700000.0,NIFTY CONSUMPTION
2020-04-13,4444.7,4444.7,4338.5,4405.85,124645591.0,73109200000.0,NIFTY CONSUMPTION
2020-04-15,4470.5,4545.95,4420.85,4465.95,212940185.0,162497500000.0,NIFTY CONSUMPTION
2020-04-16,4421.75,4493.0,4386.85,4455.55,135719096.0,83067800000.0,NIFTY CONSUMPTION
2020-04-17,4562.05,4563.8,4435.65,4471.75,135701789.0,83181600000.0,NIFTY CONSUMPTION
2020-04-20,4510.2,4510.35,4390.55,4398.8,144359720.0,67856500000.0,NIFTY CONSUMPTION
2020-04-21,4324.35,4366.95,4302.05,4346.05,122475482.0,69004600000.0,NIFTY CONSUMPTION
2020-04-22,4354.25,4460.4,4316.05,4451.35,169607307.0,85382000000.0,NIFTY CONSUMPTION
2020-04-23,4455.45,4502.25,4409.95,4424.9,185995029.0,94779900000.0,NIFTY CONSUMPTION
2020-04-24,4400.65,4431.95,4380.95,4397.9,120251328.0,69118700000.0,NIFTY CONSUMPTION
2020-04-27,4431.2,4463.5,4426.3,4450.65,99062864.0,64517299999.99999,NIFTY CONSUMPTION
2020-04-28,4474.35,4481.05,4397.55,4417.2,100786410.0,59279900000.0,NIFTY CONSUMPTION
2020-04-29,4443.75,4444.75,4415.15,4422.0,116266503.0,61496800000.0,NIFTY CONSUMPTION
2020-04-30,4484.25,4521.15,4450.5,4509.05,173413370.0,103868600000.0,NIFTY CONSUMPTION
2020-05-04,4395.3,4400.0,4321.9,4332.05,,,NIFTY CONSUMPTION
2020-05-05,4381.7,4391.75,4265.75,4272.25,176664644.0,98288500000.0,NIFTY CONSUMPTION
2020-05-06,4273.95,4281.65,4194.75,4263.1,210962271.0,99618700000.00002,NIFTY CONSUMPTION
2020-05-07,4249.55,4255.35,4178.6,4191.85,314221287.0,426596300000.0,NIFTY CONSUMPTION
2020-05-08,4268.9,4268.9,4210.0,4216.5,163877975.0,104586600000.0,NIFTY CONSUMPTION
2020-05-11,4250.35,4314.2,4248.85,4263.2,171832532.0,107217099999.99998,NIFTY CONSUMPTION
2020-05-12,4237.15,4308.45,4191.5,4295.5,164883949.0,120274400000.0,NIFTY CONSUMPTION
2020-05-13,4445.4,4445.45,4317.8,4324.0,195196981.0,113293700000.00002,NIFTY CONSUMPTION
2020-05-14,4283.6,4334.8,4277.7,4310.25,202821701.0,99607600000.0,NIFTY CONSUMPTION
2020-05-15,4322.2,4326.05,4279.25,4318.9,165463716.0,87406400000.0,NIFTY CONSUMPTION
2020-05-18,4325.4,4329.55,4193.95,4200.7,175508976.0,101501200000.00002,NIFTY CONSUMPTION
2020-01-27,3451.95,3462.85,3419.45,3427.45,193033845.0,52773800000.0,NIFTY COMMODITIES
2020-01-28,3431.1,3434.2,3382.4,3394.2,224475316.0,61506100000.0,NIFTY COMMODITIES
2020-01-29,3416.55,3437.0,3406.0,3409.25,214220109.0,59159900000.0,NIFTY COMMODITIES
2020-01-30,3416.6,3416.9,3358.45,3367.35,250010896.0,62025500000.0,NIFTY COMMODITIES
2020-01-31,3383.4,3384.9,3281.25,3291.7,394344107.0,81388900000.0,NIFTY COMMODITIES
2020-02-01,3284.3,3308.75,3167.75,3183.65,236772345.0,56448000000.0,NIFTY COMMODITIES
2020-02-03,3182.6,3244.8,3165.95,3232.05,237920307.0,63116800000.0,NIFTY COMMODITIES
2020-02-04,3257.35,3328.35,3256.6,3322.4,203428362.0,54681000000.0,NIFTY COMMODITIES
2020-02-05,3331.15,3376.55,3318.3,3372.05,209641964.0,57362200000.0,NIFTY COMMODITIES
2020-02-06,3381.5,3396.4,3370.45,3389.45,211250263.0,54605000000.0,NIFTY COMMODITIES
2020-02-07,3386.9,3412.0,3378.15,3405.2,196990636.0,47447700000.00001,NIFTY COMMODITIES
2020-02-10,3405.0,3406.75,3345.5,3356.95,279481586.0,66180200000.00001,NIFTY COMMODITIES
2020-02-11,3379.7,3401.95,3376.85,3379.9,237756217.0,53202299999.99999,NIFTY COMMODITIES
2020-02-12,3393.35,3410.55,3375.25,3378.25,182826084.0,42858400000.0,NIFTY COMMODITIES
2020-02-13,3381.1,3383.9,3355.45,3360.7,168845641.0,38657800000.0,NIFTY COMMODITIES
2020-02-14,3364.85,3383.4,3336.6,3342.5,213296001.0,57584399999.99999,NIFTY COMMODITIES
2020-02-17,3342.35,3349.0,3296.6,3300.15,212437161.0,42004100000.0,NIFTY COMMODITIES
2020-02-18,3291.95,3292.55,3229.35,3278.55,269443359.0,51221100000.0,NIFTY COMMODITIES
2020-02-19,3316.95,3336.55,3298.8,3330.55,194643945.0,45772600000.0,NIFTY COMMODITIES
2020-02-20,3320.35,3351.2,3314.75,3324.8,249217208.0,51409399999.99999,NIFTY COMMODITIES
2020-02-24,3304.55,3304.55,3221.2,3227.65,228233824.0,55421800000.0,NIFTY COMMODITIES
2020-02-25,3247.85,3252.35,3202.45,3208.75,204394689.0,56197900000.0,NIFTY COMMODITIES
2020-02-26,3189.0,3203.6,3158.7,3166.45,233155614.0,61039100000.0,NIFTY COMMODITIES
2020-02-27,3162.5,3164.5,3116.4,3144.25,246442067.0,56276200000.0,NIFTY COMMODITIES
2020-02-28,3076.05,3079.25,3008.45,3015.3,365268503.0,81509200000.0,NIFTY COMMODITIES
2020-03-02,3073.5,3100.25,2936.1,2963.85,275478914.0,61774799999.99999,NIFTY COMMODITIES
2020-03-03,2998.65,3094.25,2997.0,3076.3,292498628.0,63677800000.0,NIFTY COMMODITIES
2020-03-04,3083.15,3087.0,3001.15,3049.45,282929846.0,63044500000.0,NIFTY COMMODITIES
2020-03-05,3069.9,3088.6,3027.0,3033.15,237893501.0,58203700000.0,NIFTY COMMODITIES
2020-03-06,2923.85,2970.25,2893.9,2958.5,231665452.0,57878200000.0,NIFTY COMMODITIES
2020-03-09,2900.7,2902.85,2785.25,2813.35,511748421.0,122210200000.0,NIFTY COMMODITIES
2020-03-11,2804.1,2833.4,2769.7,2785.55,415965497.0,92011100000.0,NIFTY COMMODITIES
2020-03-12,2663.35,2668.65,2507.95,2524.35,556405416.0,101758400000.0,NIFTY COMMODITIES
2020-03-13,2377.35,2652.95,2203.7,2625.95,594199713.0,114675000000.0,NIFTY COMMODITIES
2020-03-16,2522.85,2571.75,2433.5,2455.2,410187588.0,75232300000.0,NIFTY COMMODITIES
2020-03-17,2470.7,2545.25,2415.65,2423.15,361731738.0,68822400000.0,NIFTY COMMODITIES
2020-03-18,2470.05,2476.85,2309.4,2338.05,614153052.0,90195900000.0,NIFTY COMMODITIES
2020-03-19,2215.9,2303.25,2164.75,2212.55,408594911.0,74904200000.0,NIFTY COMMODITIES
2020-03-20,2237.05,2398.7,2220.55,2379.9,528412262.0,83560600000.0,NIFTY COMMODITIES
2020-03-23,2159.1,2209.05,2082.8,2088.4,262512008.0,48656600000.0,NIFTY COMMODITIES
2020-03-24,2144.95,2192.65,2068.8,2100.0,277138701.0,50926300000.0,NIFTY COMMODITIES
2020-03-25,2075.7,2206.05,2072.6,2184.4,258602969.0,64739100000.0,NIFTY COMMODITIES
2020-03-26,2208.0,2248.7,2162.15,2208.3,356172032.0,61951300000.0,NIFTY COMMODITIES
2020-03-27,2269.85,2292.7,2177.7,2211.9,309273898.0,51952400000.0,NIFTY COMMODITIES
2020-03-30,2153.5,2198.35,2120.05,2162.8,235530449.0,41577800000.0,NIFTY COMMODITIES
2020-03-31,2215.4,2304.0,2197.45,2295.05,364709860.0,62593600000.0,NIFTY COMMODITIES
2020-04-01,2289.45,2290.75,2208.95,2227.45,255690311.0,48793400000.0,NIFTY COMMODITIES
2020-04-03,2257.65,2257.9,2175.9,2198.0,305862480.0,54668700000.0,NIFTY COMMODITIES
2020-04-07,2268.0,2371.3,2242.95,2365.1,403770955.0,73184100000.0,NIFTY COMMODITIES
2020-04-08,2341.65,2444.15,2316.9,2355.9,429525728.0,75885600000.0,NIFTY COMMODITIES
2020-04-09,2406.85,2442.35,2391.75,2436.6,280539510.0,55836899999.99999,NIFTY COMMODITIES
2020-04-13,2440.65,2475.35,2375.9,2460.0,299376880.0,56629100000.0,NIFTY COMMODITIES
2020-04-15,2495.05,2572.5,2480.65,2493.65,369851046.0,78378700000.0,NIFTY COMMODITIES
2020-04-16,2480.85,2553.35,2474.45,2536.9,289084104.0,62366300000.0,NIFTY COMMODITIES
2020-04-17,2620.25,2620.25,2549.25,2573.4,243787593.0,53119600000.0,NIFTY COMMODITIES
2020-04-20,2595.75,2596.2,2552.0,2560.3,272454884.0,54563300000.0,NIFTY COMMODITIES
2020-04-21,2508.0,2508.4,2458.8,2481.4,300539075.0,69440300000.0,NIFTY COMMODITIES
2020-04-22,2492.15,2533.25,2445.6,2528.1,355792542.0,129169599999.99998,NIFTY COMMODITIES
2020-04-23,2541.65,2567.2,2519.7,2525.05,268637972.0,76877300000.0,NIFTY COMMODITIES
2020-04-24,2504.85,2534.4,2480.95,2484.9,355543363.0,120726100000.0,NIFTY COMMODITIES
2020-04-27,2514.0,2538.8,2511.3,2516.95,225996045.0,68115800000.0,NIFTY COMMODITIES
2020-04-28,2543.3,2546.95,2510.4,2517.6,275453864.0,87142700000.0,NIFTY COMMODITIES
2020-04-29,2529.05,2563.45,2522.2,2548.55,311575257.0,61195100000.0,NIFTY COMMODITIES
2020-04-30,2590.3,2691.95,2581.45,2679.95,469024382.0,110421299999.99998,NIFTY COMMODITIES
2020-05-04,2587.0,2590.75,2530.25,2534.1,,,NIFTY COMMODITIES
2020-05-05,2574.5,2597.4,2528.05,2535.85,315653426.0,75291700000.0,NIFTY COMMODITIES
2020-05-06,2537.3,2558.65,2503.95,2545.1,305252102.0,70087000000.0,NIFTY COMMODITIES
2020-05-07,2530.55,2548.75,2509.3,2513.85,214495224.0,64701700000.0,NIFTY COMMODITIES
2020-05-08,2553.65,2562.0,2506.45,2510.4,250450661.0,89046200000.00002,NIFTY COMMODITIES
2020-05-11,2536.4,2565.0,2523.05,2528.05,246386774.0,79806400000.0,NIFTY COMMODITIES
2020-05-12,2516.95,2533.8,2488.75,2523.45,369151920.0,110561100000.0,NIFTY COMMODITIES
2020-05-13,2630.05,2630.05,2565.15,2587.9,474116956.0,103877000000.0,NIFTY COMMODITIES
2020-05-14,2561.55,2574.15,2526.45,2536.2,298736571.0,68499399999.99999,NIFTY COMMODITIES
2020-05-15,2555.35,2569.85,2532.35,2555.85,361030690.0,82613100000.0,NIFTY COMMODITIES
2020-05-18,2563.3,2563.3,2449.4,2453.85,361899302.0,85058600000.0,NIFTY COMMODITIES
